/*
Navicat MySQL Data Transfer

Source Server         : 127.0.0.1
Source Server Version : 50616
Source Host           : 127.0.0.1:3306
Source Database       : platform

Target Server Type    : MYSQL
Target Server Version : 50616
File Encoding         : 65001

Date: 2016-01-22 18:34:03
*/

SET FOREIGN_KEY_CHECKS=0;

-- ----------------------------
-- Table structure for cms_article
-- ----------------------------
DROP TABLE IF EXISTS `cms_article`;
CREATE TABLE `cms_article` (
  `id` varchar(64) NOT NULL COMMENT '编号',
  `category_id` varchar(64) NOT NULL COMMENT '栏目编号',
  `title` varchar(255) NOT NULL COMMENT '标题',
  `link` varchar(255) DEFAULT NULL COMMENT '文章链接',
  `color` varchar(50) DEFAULT NULL COMMENT '标题颜色',
  `image` varchar(255) DEFAULT NULL COMMENT '文章图片',
  `keywords` varchar(255) DEFAULT NULL COMMENT '关键字',
  `description` varchar(255) DEFAULT NULL COMMENT '描述、摘要',
  `weight` int(11) DEFAULT '0' COMMENT '权重，越大越靠前',
  `weight_date` datetime DEFAULT NULL COMMENT '权重期限',
  `hits` int(11) DEFAULT '0' COMMENT '点击数',
  `posid` varchar(10) DEFAULT NULL COMMENT '推荐位，多选',
  `custom_content_view` varchar(255) DEFAULT NULL COMMENT '自定义内容视图',
  `view_config` text COMMENT '视图配置',
  `create_by` varchar(64) DEFAULT NULL COMMENT '创建者',
  `create_date` datetime DEFAULT NULL COMMENT '创建时间',
  `update_by` varchar(64) DEFAULT NULL COMMENT '更新者',
  `update_date` datetime DEFAULT NULL COMMENT '更新时间',
  `remarks` varchar(255) DEFAULT NULL COMMENT '备注信息',
  `del_flag` char(1) NOT NULL DEFAULT '0' COMMENT '删除标记',
  PRIMARY KEY (`id`),
  KEY `cms_article_create_by` (`create_by`) USING BTREE,
  KEY `cms_article_title` (`title`) USING BTREE,
  KEY `cms_article_keywords` (`keywords`) USING BTREE,
  KEY `cms_article_del_flag` (`del_flag`) USING BTREE,
  KEY `cms_article_weight` (`weight`) USING BTREE,
  KEY `cms_article_update_date` (`update_date`) USING BTREE,
  KEY `cms_article_category_id` (`category_id`) USING BTREE
) ENGINE=InnoDB DEFAULT CHARSET=utf8 COMMENT='文章表';

-- ----------------------------
-- Records of cms_article
-- ----------------------------
INSERT INTO `cms_article` VALUES ('1', '3', '文章标题标题标题标题', '', 'green', '', '关键字1,关键字2', '', '0', null, '2', ',null,', '', '', '1', '2013-05-27 08:00:00', '1', '2016-01-04 15:33:17', null, '0');
INSERT INTO `cms_article` VALUES ('10', '4', '文章标题标题标题标题', null, null, null, '关键字1,关键字2', null, '0', null, '0', null, null, null, '1', '2013-05-27 08:00:00', '1', '2013-05-27 08:00:00', null, '0');
INSERT INTO `cms_article` VALUES ('11', '5', '文章标题标题标题标题', '', '', '', '关键字1,关键字2', '', '0', null, '1', ',null,', '', '', '1', '2013-05-27 08:00:00', '1', '2015-12-25 16:38:54', null, '0');
INSERT INTO `cms_article` VALUES ('12', '5', '文章标题标题标题标题', null, null, null, '关键字1,关键字2', null, '0', null, '0', null, null, null, '1', '2013-05-27 08:00:00', '1', '2013-05-27 08:00:00', null, '0');
INSERT INTO `cms_article` VALUES ('13', '5', '文章标题标题标题标题', null, null, null, '关键字1,关键字2', null, '0', null, '0', null, null, null, '1', '2013-05-27 08:00:00', '1', '2013-05-27 08:00:00', null, '0');
INSERT INTO `cms_article` VALUES ('14', '7', '文章标题标题标题标题', null, null, null, '关键字1,关键字2', null, '0', null, '0', null, null, null, '1', '2013-05-27 08:00:00', '1', '2013-05-27 08:00:00', null, '0');
INSERT INTO `cms_article` VALUES ('15', '7', '文章标题标题标题标题', null, null, null, '关键字1,关键字2', null, '0', null, '0', null, null, null, '1', '2013-05-27 08:00:00', '1', '2013-05-27 08:00:00', null, '0');
INSERT INTO `cms_article` VALUES ('16', '7', '文章标题标题标题标题', null, null, null, '关键字1,关键字2', null, '0', null, '0', null, null, null, '1', '2013-05-27 08:00:00', '1', '2013-05-27 08:00:00', null, '0');
INSERT INTO `cms_article` VALUES ('17', '7', '文章标题标题标题标题', null, null, null, '关键字1,关键字2', null, '0', null, '0', null, null, null, '1', '2013-05-27 08:00:00', '1', '2013-05-27 08:00:00', null, '0');
INSERT INTO `cms_article` VALUES ('18', '8', '文章标题标题标题标题', null, null, null, '关键字1,关键字2', null, '0', null, '0', null, null, null, '1', '2013-05-27 08:00:00', '1', '2013-05-27 08:00:00', null, '0');
INSERT INTO `cms_article` VALUES ('19', '8', '文章标题标题标题标题', null, null, null, '关键字1,关键字2', null, '0', null, '0', null, null, null, '1', '2013-05-27 08:00:00', '1', '2013-05-27 08:00:00', null, '0');
INSERT INTO `cms_article` VALUES ('2', '3', '文章标题标题标题标题', null, 'red', null, '关键字1,关键字2', null, '0', null, '0', null, null, null, '1', '2013-05-27 08:00:00', '1', '2013-05-27 08:00:00', null, '0');
INSERT INTO `cms_article` VALUES ('20', '8', '文章标题标题标题标题', null, null, null, '关键字1,关键字2', null, '0', null, '0', null, null, null, '1', '2013-05-27 08:00:00', '1', '2013-05-27 08:00:00', null, '0');
INSERT INTO `cms_article` VALUES ('21', '8', '文章标题标题标题标题', null, null, null, '关键字1,关键字2', null, '0', null, '0', null, null, null, '1', '2013-05-27 08:00:00', '1', '2013-05-27 08:00:00', null, '0');
INSERT INTO `cms_article` VALUES ('22', '9', '文章标题标题标题标题', null, null, null, '关键字1,关键字2', null, '0', null, '0', null, null, null, '1', '2013-05-27 08:00:00', '1', '2013-05-27 08:00:00', null, '0');
INSERT INTO `cms_article` VALUES ('23', '9', '文章标题标题标题标题', null, null, null, '关键字1,关键字2', null, '0', null, '0', null, null, null, '1', '2013-05-27 08:00:00', '1', '2013-05-27 08:00:00', null, '0');
INSERT INTO `cms_article` VALUES ('24', '9', '文章标题标题标题标题', null, null, null, '关键字1,关键字2', null, '0', null, '0', null, null, null, '1', '2013-05-27 08:00:00', '1', '2013-05-27 08:00:00', null, '0');
INSERT INTO `cms_article` VALUES ('25', '9', '文章标题标题标题标题', null, null, null, '关键字1,关键字2', null, '0', null, '0', null, null, null, '1', '2013-05-27 08:00:00', '1', '2013-05-27 08:00:00', null, '0');
INSERT INTO `cms_article` VALUES ('26', '9', '文章标题标题标题标题', null, null, null, '关键字1,关键字2', null, '0', null, '0', null, null, null, '1', '2013-05-27 08:00:00', '1', '2013-05-27 08:00:00', null, '0');
INSERT INTO `cms_article` VALUES ('27', '11', '文章标题标题标题标题', null, null, null, '关键字1,关键字2', null, '0', null, '0', null, null, null, '1', '2013-05-27 08:00:00', '1', '2013-05-27 08:00:00', null, '0');
INSERT INTO `cms_article` VALUES ('28', '11', '文章标题标题标题标题', null, null, null, '关键字1,关键字2', null, '0', null, '0', null, null, null, '1', '2013-05-27 08:00:00', '1', '2013-05-27 08:00:00', null, '0');
INSERT INTO `cms_article` VALUES ('29', '11', '文章标题标题标题标题', null, null, null, '关键字1,关键字2', null, '0', null, '0', null, null, null, '1', '2013-05-27 08:00:00', '1', '2013-05-27 08:00:00', null, '0');
INSERT INTO `cms_article` VALUES ('3', '3', '文章标题标题标题标题', null, null, null, '关键字1,关键字2', null, '0', null, '0', null, null, null, '1', '2013-05-27 08:00:00', '1', '2013-05-27 08:00:00', null, '0');
INSERT INTO `cms_article` VALUES ('30', '11', '文章标题标题标题标题', null, null, null, '关键字1,关键字2', null, '0', null, '0', null, null, null, '1', '2013-05-27 08:00:00', '1', '2013-05-27 08:00:00', null, '0');
INSERT INTO `cms_article` VALUES ('31', '11', '文章标题标题标题标题', null, null, null, '关键字1,关键字2', null, '0', null, '0', null, null, null, '1', '2013-05-27 08:00:00', '1', '2013-05-27 08:00:00', null, '0');
INSERT INTO `cms_article` VALUES ('32', '12', '文章标题标题标题标题', null, null, null, '关键字1,关键字2', null, '0', null, '0', null, null, null, '1', '2013-05-27 08:00:00', '1', '2013-05-27 08:00:00', null, '0');
INSERT INTO `cms_article` VALUES ('33', '12', '文章标题标题标题标题', null, null, null, '关键字1,关键字2', null, '0', null, '0', null, null, null, '1', '2013-05-27 08:00:00', '1', '2013-05-27 08:00:00', null, '0');
INSERT INTO `cms_article` VALUES ('34', '12', '文章标题标题标题标题', null, null, null, '关键字1,关键字2', null, '0', null, '0', null, null, null, '1', '2013-05-27 08:00:00', '1', '2013-05-27 08:00:00', null, '0');
INSERT INTO `cms_article` VALUES ('35', '12', '文章标题标题标题标题', null, null, null, '关键字1,关键字2', null, '0', null, '0', null, null, null, '1', '2013-05-27 08:00:00', '1', '2013-05-27 08:00:00', null, '0');
INSERT INTO `cms_article` VALUES ('36', '12', '文章标题标题标题标题', null, null, null, '关键字1,关键字2', null, '0', null, '0', null, null, null, '1', '2013-05-27 08:00:00', '1', '2013-05-27 08:00:00', null, '0');
INSERT INTO `cms_article` VALUES ('37', '13', '文章标题标题标题标题', null, null, null, '关键字1,关键字2', null, '0', null, '0', null, null, null, '1', '2013-05-27 08:00:00', '1', '2013-05-27 08:00:00', null, '0');
INSERT INTO `cms_article` VALUES ('38', '13', '文章标题标题标题标题', null, null, null, '关键字1,关键字2', null, '0', null, '0', null, null, null, '1', '2013-05-27 08:00:00', '1', '2013-05-27 08:00:00', null, '0');
INSERT INTO `cms_article` VALUES ('39', '13', '文章标题标题标题标题', null, null, null, '关键字1,关键字2', null, '0', null, '0', null, null, null, '1', '2013-05-27 08:00:00', '1', '2013-05-27 08:00:00', null, '0');
INSERT INTO `cms_article` VALUES ('4', '3', '文章标题标题标题标题', null, 'green', null, '关键字1,关键字2', null, '0', null, '0', null, null, null, '1', '2013-05-27 08:00:00', '1', '2013-05-27 08:00:00', null, '0');
INSERT INTO `cms_article` VALUES ('40', '13', '文章标题标题标题标题', null, null, null, '关键字1,关键字2', null, '0', null, '0', null, null, null, '1', '2013-05-27 08:00:00', '1', '2013-05-27 08:00:00', null, '0');
INSERT INTO `cms_article` VALUES ('41', '14', '文章标题标题标题标题', null, null, null, '关键字1,关键字2', null, '0', null, '0', null, null, null, '1', '2013-05-27 08:00:00', '1', '2013-05-27 08:00:00', null, '0');
INSERT INTO `cms_article` VALUES ('42', '14', '文章标题标题标题标题', null, null, null, '关键字1,关键字2', null, '0', null, '0', null, null, null, '1', '2013-05-27 08:00:00', '1', '2013-05-27 08:00:00', null, '0');
INSERT INTO `cms_article` VALUES ('43', '14', '文章标题标题标题标题', null, null, null, '关键字1,关键字2', null, '0', null, '0', null, null, null, '1', '2013-05-27 08:00:00', '1', '2013-05-27 08:00:00', null, '0');
INSERT INTO `cms_article` VALUES ('44', '14', '文章标题标题标题标题', null, null, null, '关键字1,关键字2', null, '0', null, '0', null, null, null, '1', '2013-05-27 08:00:00', '1', '2013-05-27 08:00:00', null, '0');
INSERT INTO `cms_article` VALUES ('45', '14', '文章标题标题标题标题', null, null, null, '关键字1,关键字2', null, '0', null, '0', null, null, null, '1', '2013-05-27 08:00:00', '1', '2013-05-27 08:00:00', null, '0');
INSERT INTO `cms_article` VALUES ('46', '15', '文章标题标题标题标题', null, null, null, '关键字1,关键字2', null, '0', null, '0', null, null, null, '1', '2013-05-27 08:00:00', '1', '2013-05-27 08:00:00', null, '0');
INSERT INTO `cms_article` VALUES ('47', '15', '文章标题标题标题标题', null, null, null, '关键字1,关键字2', null, '0', null, '0', null, null, null, '1', '2013-05-27 08:00:00', '1', '2013-05-27 08:00:00', null, '0');
INSERT INTO `cms_article` VALUES ('48', '15', '文章标题标题标题标题', null, null, null, '关键字1,关键字2', null, '0', null, '0', null, null, null, '1', '2013-05-27 08:00:00', '1', '2013-05-27 08:00:00', null, '0');
INSERT INTO `cms_article` VALUES ('49', '16', '文章标题标题标题标题', null, null, null, '关键字1,关键字2', null, '0', null, '0', null, null, null, '1', '2013-05-27 08:00:00', '1', '2013-05-27 08:00:00', null, '0');
INSERT INTO `cms_article` VALUES ('5', '3', '文章标题标题标题标题', null, null, null, '关键字1,关键字2', null, '0', null, '0', null, null, null, '1', '2013-05-27 08:00:00', '1', '2013-05-27 08:00:00', null, '0');
INSERT INTO `cms_article` VALUES ('50', '17', '文章标题标题标题标题', null, null, null, '关键字1,关键字2', null, '0', null, '0', null, null, null, '1', '2013-05-27 08:00:00', '1', '2013-05-27 08:00:00', null, '0');
INSERT INTO `cms_article` VALUES ('51', '17', '文章标题标题标题标题', null, null, null, '关键字1,关键字2', null, '0', null, '0', null, null, null, '1', '2013-05-27 08:00:00', '1', '2013-05-27 08:00:00', null, '0');
INSERT INTO `cms_article` VALUES ('52', '26', '文章标题标题标题标题', null, null, null, '关键字1,关键字2', null, '0', null, '0', null, null, null, '1', '2013-05-27 08:00:00', '1', '2013-05-27 08:00:00', null, '0');
INSERT INTO `cms_article` VALUES ('53', '26', '文章标题标题标题标题', null, null, null, '关键字1,关键字2', null, '0', null, '0', null, null, null, '1', '2013-05-27 08:00:00', '1', '2013-05-27 08:00:00', null, '0');
INSERT INTO `cms_article` VALUES ('6', '3', '文章标题标题标题标题', null, null, null, '关键字1,关键字2', null, '0', null, '1', null, null, null, '1', '2013-05-27 08:00:00', '1', '2013-05-27 08:00:00', null, '0');
INSERT INTO `cms_article` VALUES ('7', '4', '文章标题标题标题标题', null, null, null, '关键字1,关键字2', null, '0', null, '0', null, null, null, '1', '2013-05-27 08:00:00', '1', '2013-05-27 08:00:00', null, '0');
INSERT INTO `cms_article` VALUES ('8', '4', '文章标题标题标题标题', null, 'blue', null, '关键字1,关键字2', null, '0', null, '0', null, null, null, '1', '2013-05-27 08:00:00', '1', '2013-05-27 08:00:00', null, '0');
INSERT INTO `cms_article` VALUES ('9', '4', '文章标题标题标题标题', null, null, null, '关键字1,关键字2', null, '0', null, '0', null, null, null, '1', '2013-05-27 08:00:00', '1', '2013-05-27 08:00:00', null, '0');

-- ----------------------------
-- Table structure for cms_article_data
-- ----------------------------
DROP TABLE IF EXISTS `cms_article_data`;
CREATE TABLE `cms_article_data` (
  `id` varchar(64) NOT NULL COMMENT '编号',
  `content` text COMMENT '文章内容',
  `copyfrom` varchar(255) DEFAULT NULL COMMENT '文章来源',
  `relation` varchar(255) DEFAULT NULL COMMENT '相关文章',
  `allow_comment` char(1) DEFAULT NULL COMMENT '是否允许评论',
  PRIMARY KEY (`id`)
) ENGINE=InnoDB DEFAULT CHARSET=utf8 COMMENT='文章详表';

-- ----------------------------
-- Records of cms_article_data
-- ----------------------------
INSERT INTO `cms_article_data` VALUES ('1', '<p>\r\n	文章内容内容内容内容</p>', '来源', '1,2,3,', '1');
INSERT INTO `cms_article_data` VALUES ('10', '文章内容内容内容内容', '来源', '1,2,3', '1');
INSERT INTO `cms_article_data` VALUES ('11', '<p>\r\n	文章内容内容内容内容</p>', '来源', '1,2,3,', '1');
INSERT INTO `cms_article_data` VALUES ('12', '文章内容内容内容内容', '来源', '1,2,3', '1');
INSERT INTO `cms_article_data` VALUES ('13', '文章内容内容内容内容', '来源', '1,2,3', '1');
INSERT INTO `cms_article_data` VALUES ('14', '文章内容内容内容内容', '来源', '1,2,3', '1');
INSERT INTO `cms_article_data` VALUES ('15', '文章内容内容内容内容', '来源', '1,2,3', '1');
INSERT INTO `cms_article_data` VALUES ('16', '文章内容内容内容内容', '来源', '1,2,3', '1');
INSERT INTO `cms_article_data` VALUES ('17', '文章内容内容内容内容', '来源', '1,2,3', '1');
INSERT INTO `cms_article_data` VALUES ('18', '文章内容内容内容内容', '来源', '1,2,3', '1');
INSERT INTO `cms_article_data` VALUES ('19', '文章内容内容内容内容', '来源', '1,2,3', '1');
INSERT INTO `cms_article_data` VALUES ('2', '文章内容内容内容内容', '来源', '1,2,3', '1');
INSERT INTO `cms_article_data` VALUES ('20', '文章内容内容内容内容', '来源', '1,2,3', '1');
INSERT INTO `cms_article_data` VALUES ('21', '文章内容内容内容内容', '来源', '1,2,3', '1');
INSERT INTO `cms_article_data` VALUES ('22', '文章内容内容内容内容', '来源', '1,2,3', '1');
INSERT INTO `cms_article_data` VALUES ('23', '文章内容内容内容内容', '来源', '1,2,3', '1');
INSERT INTO `cms_article_data` VALUES ('24', '文章内容内容内容内容', '来源', '1,2,3', '1');
INSERT INTO `cms_article_data` VALUES ('25', '文章内容内容内容内容', '来源', '1,2,3', '1');
INSERT INTO `cms_article_data` VALUES ('26', '文章内容内容内容内容', '来源', '1,2,3', '1');
INSERT INTO `cms_article_data` VALUES ('27', '文章内容内容内容内容', '来源', '1,2,3', '1');
INSERT INTO `cms_article_data` VALUES ('28', '文章内容内容内容内容', '来源', '1,2,3', '1');
INSERT INTO `cms_article_data` VALUES ('29', '文章内容内容内容内容', '来源', '1,2,3', '1');
INSERT INTO `cms_article_data` VALUES ('3', '文章内容内容内容内容', '来源', '1,2,3', '1');
INSERT INTO `cms_article_data` VALUES ('30', '文章内容内容内容内容', '来源', '1,2,3', '1');
INSERT INTO `cms_article_data` VALUES ('31', '文章内容内容内容内容', '来源', '1,2,3', '1');
INSERT INTO `cms_article_data` VALUES ('32', '文章内容内容内容内容', '来源', '1,2,3', '1');
INSERT INTO `cms_article_data` VALUES ('33', '文章内容内容内容内容', '来源', '1,2,3', '1');
INSERT INTO `cms_article_data` VALUES ('34', '文章内容内容内容内容', '来源', '1,2,3', '1');
INSERT INTO `cms_article_data` VALUES ('35', '文章内容内容内容内容', '来源', '1,2,3', '1');
INSERT INTO `cms_article_data` VALUES ('36', '文章内容内容内容内容', '来源', '1,2,3', '1');
INSERT INTO `cms_article_data` VALUES ('37', '文章内容内容内容内容', '来源', '1,2,3', '1');
INSERT INTO `cms_article_data` VALUES ('38', '文章内容内容内容内容', '来源', '1,2,3', '1');
INSERT INTO `cms_article_data` VALUES ('39', '文章内容内容内容内容', '来源', '1,2,3', '1');
INSERT INTO `cms_article_data` VALUES ('4', '文章内容内容内容内容', '来源', '1,2,3', '1');
INSERT INTO `cms_article_data` VALUES ('40', '文章内容内容内容内容', '来源', '1,2,3', '1');
INSERT INTO `cms_article_data` VALUES ('41', '文章内容内容内容内容', '来源', '1,2,3', '1');
INSERT INTO `cms_article_data` VALUES ('42', '文章内容内容内容内容', '来源', '1,2,3', '1');
INSERT INTO `cms_article_data` VALUES ('43', '文章内容内容内容内容', '来源', '1,2,3', '1');
INSERT INTO `cms_article_data` VALUES ('44', '文章内容内容内容内容', '来源', '1,2,3', '1');
INSERT INTO `cms_article_data` VALUES ('45', '文章内容内容内容内容', '来源', '1,2,3', '1');
INSERT INTO `cms_article_data` VALUES ('46', '文章内容内容内容内容', '来源', '1,2,3', '1');
INSERT INTO `cms_article_data` VALUES ('47', '文章内容内容内容内容', '来源', '1,2,3', '1');
INSERT INTO `cms_article_data` VALUES ('48', '文章内容内容内容内容', '来源', '1,2,3', '1');
INSERT INTO `cms_article_data` VALUES ('49', '文章内容内容内容内容', '来源', '1,2,3', '1');
INSERT INTO `cms_article_data` VALUES ('5', '文章内容内容内容内容', '来源', '1,2,3', '1');
INSERT INTO `cms_article_data` VALUES ('50', '文章内容内容内容内容', '来源', '1,2,3', '1');
INSERT INTO `cms_article_data` VALUES ('51', '文章内容内容内容内容', '来源', '1,2,3', '1');
INSERT INTO `cms_article_data` VALUES ('52', '文章内容内容内容内容', '来源', '1,2,3', '1');
INSERT INTO `cms_article_data` VALUES ('53', '文章内容内容内容内容', '来源', '1,2,3', '1');
INSERT INTO `cms_article_data` VALUES ('6', '文章内容内容内容内容', '来源', '1,2,3', '1');
INSERT INTO `cms_article_data` VALUES ('7', '文章内容内容内容内容', '来源', '1,2,3', '1');
INSERT INTO `cms_article_data` VALUES ('8', '文章内容内容内容内容', '来源', '1,2,3', '1');
INSERT INTO `cms_article_data` VALUES ('9', '文章内容内容内容内容', '来源', '1,2,3', '1');

-- ----------------------------
-- Table structure for cms_category
-- ----------------------------
DROP TABLE IF EXISTS `cms_category`;
CREATE TABLE `cms_category` (
  `id` varchar(64) NOT NULL COMMENT '编号',
  `parent_id` varchar(64) NOT NULL COMMENT '父级编号',
  `parent_ids` varchar(2000) NOT NULL COMMENT '所有父级编号',
  `site_id` varchar(64) DEFAULT '1' COMMENT '站点编号',
  `office_id` varchar(64) DEFAULT NULL COMMENT '归属机构',
  `module` varchar(20) DEFAULT NULL COMMENT '栏目模块',
  `name` varchar(100) NOT NULL COMMENT '栏目名称',
  `image` varchar(255) DEFAULT NULL COMMENT '栏目图片',
  `href` varchar(255) DEFAULT NULL COMMENT '链接',
  `target` varchar(20) DEFAULT NULL COMMENT '目标',
  `description` varchar(255) DEFAULT NULL COMMENT '描述',
  `keywords` varchar(255) DEFAULT NULL COMMENT '关键字',
  `level_index` decimal(10,0) NOT NULL COMMENT '所在层级',
  `sort` int(11) DEFAULT '30' COMMENT '排序（升序）',
  `in_menu` char(1) DEFAULT '1' COMMENT '是否在导航中显示',
  `in_list` char(1) DEFAULT '1' COMMENT '是否在分类页中显示列表',
  `show_modes` char(1) DEFAULT '0' COMMENT '展现方式',
  `allow_comment` char(1) DEFAULT NULL COMMENT '是否允许评论',
  `is_audit` char(1) DEFAULT NULL COMMENT '是否需要审核',
  `custom_list_view` varchar(255) DEFAULT NULL COMMENT '自定义列表视图',
  `custom_content_view` varchar(255) DEFAULT NULL COMMENT '自定义内容视图',
  `view_config` text COMMENT '视图配置',
  `create_by` varchar(64) DEFAULT NULL COMMENT '创建者',
  `create_date` datetime DEFAULT NULL COMMENT '创建时间',
  `update_by` varchar(64) DEFAULT NULL COMMENT '更新者',
  `update_date` datetime DEFAULT NULL COMMENT '更新时间',
  `remarks` varchar(255) DEFAULT NULL COMMENT '备注信息',
  `del_flag` char(1) NOT NULL DEFAULT '0' COMMENT '删除标记',
  PRIMARY KEY (`id`),
  KEY `cms_category_parent_id` (`parent_id`) USING BTREE,
  KEY `cms_category_module` (`module`) USING BTREE,
  KEY `cms_category_name` (`name`) USING BTREE,
  KEY `cms_category_sort` (`sort`) USING BTREE,
  KEY `cms_category_del_flag` (`del_flag`) USING BTREE,
  KEY `cms_category_office_id` (`office_id`) USING BTREE,
  KEY `cms_category_site_id` (`site_id`) USING BTREE
) ENGINE=InnoDB DEFAULT CHARSET=utf8 COMMENT='栏目表';

-- ----------------------------
-- Records of cms_category
-- ----------------------------
INSERT INTO `cms_category` VALUES ('1', '0', '0,', '0', '1', null, '顶级栏目', null, null, null, null, null, '0', '0', '1', '1', '0', '0', '1', null, null, null, '1', '2013-05-27 08:00:00', '1', '2013-05-27 08:00:00', null, '0');
INSERT INTO `cms_category` VALUES ('10', '1', '0,1,', '1', '4', 'article', '软件介绍', null, null, null, null, null, '0', '20', '1', '1', '0', '1', '0', null, null, null, '1', '2013-05-27 08:00:00', '1', '2013-05-27 08:00:00', null, '0');
INSERT INTO `cms_category` VALUES ('11', '10', '0,1,10,', '1', '4', 'article', '网络工具', null, null, null, null, null, '0', '30', '1', '1', '0', '1', '0', null, null, null, '1', '2013-05-27 08:00:00', '1', '2013-05-27 08:00:00', null, '0');
INSERT INTO `cms_category` VALUES ('12', '10', '0,1,10,', '1', '4', 'article', '浏览工具', null, null, null, null, null, '0', '40', '1', '1', '0', '1', '0', null, null, null, '1', '2013-05-27 08:00:00', '1', '2013-05-27 08:00:00', null, '0');
INSERT INTO `cms_category` VALUES ('13', '10', '0,1,10,', '1', '4', 'article', '浏览辅助', null, null, null, null, null, '0', '50', '1', '1', '0', '1', '0', null, null, null, '1', '2013-05-27 08:00:00', '1', '2013-05-27 08:00:00', null, '0');
INSERT INTO `cms_category` VALUES ('14', '10', '0,1,10,', '1', '4', 'article', '网络优化', null, null, null, null, null, '0', '50', '1', '1', '0', '1', '0', null, null, null, '1', '2013-05-27 08:00:00', '1', '2013-05-27 08:00:00', null, '0');
INSERT INTO `cms_category` VALUES ('15', '10', '0,1,10,', '1', '4', 'article', '邮件处理', null, null, null, null, null, '0', '50', '1', '1', '0', '1', '0', null, null, null, '1', '2013-05-27 08:00:00', '1', '2013-05-27 08:00:00', null, '0');
INSERT INTO `cms_category` VALUES ('16', '10', '0,1,10,', '1', '4', 'article', '下载工具', null, null, null, null, null, '0', '50', '1', '1', '0', '1', '0', null, null, null, '1', '2013-05-27 08:00:00', '1', '2013-05-27 08:00:00', null, '0');
INSERT INTO `cms_category` VALUES ('17', '10', '0,1,10,', '1', '4', 'article', '搜索工具', null, null, null, null, null, '0', '50', '1', '1', '2', '1', '0', null, null, null, '1', '2013-05-27 08:00:00', '1', '2013-05-27 08:00:00', null, '0');
INSERT INTO `cms_category` VALUES ('18', '1', '0,1,', '1', '5', 'link', '友情链接', null, null, null, null, null, '0', '90', '1', '1', '0', '1', '0', null, null, null, '1', '2013-05-27 08:00:00', '1', '2013-05-27 08:00:00', null, '0');
INSERT INTO `cms_category` VALUES ('19', '18', '0,1,18,', '1', '5', 'link', '常用网站', null, null, null, null, null, '0', '50', '1', '1', '0', '1', '0', null, null, null, '1', '2013-05-27 08:00:00', '1', '2013-05-27 08:00:00', null, '0');
INSERT INTO `cms_category` VALUES ('2', '1', '0,1,', '1', '3', 'article', '组织机构', null, null, null, null, null, '0', '10', '1', '1', '0', '0', '1', null, null, null, '1', '2013-05-27 08:00:00', '1', '2013-05-27 08:00:00', null, '0');
INSERT INTO `cms_category` VALUES ('20', '18', '0,1,18,', '1', '5', 'link', '门户网站', null, null, null, null, null, '0', '50', '1', '1', '0', '1', '0', null, null, null, '1', '2013-05-27 08:00:00', '1', '2013-05-27 08:00:00', null, '0');
INSERT INTO `cms_category` VALUES ('21', '18', '0,1,18,', '1', '5', 'link', '购物网站', null, null, null, null, null, '0', '50', '1', '1', '0', '1', '0', null, null, null, '1', '2013-05-27 08:00:00', '1', '2013-05-27 08:00:00', null, '0');
INSERT INTO `cms_category` VALUES ('22', '18', '0,1,18,', '1', '5', 'link', '交友社区', null, null, null, null, null, '0', '50', '1', '1', '0', '1', '0', null, null, null, '1', '2013-05-27 08:00:00', '1', '2013-05-27 08:00:00', null, '0');
INSERT INTO `cms_category` VALUES ('23', '18', '0,1,18,', '1', '5', 'link', '音乐视频', null, null, null, null, null, '0', '50', '1', '1', '0', '1', '0', null, null, null, '1', '2013-05-27 08:00:00', '1', '2013-05-27 08:00:00', null, '0');
INSERT INTO `cms_category` VALUES ('24', '1', '0,1,', '1', '6', null, '百度一下', null, 'http://www.baidu.com', '_blank', null, null, '0', '90', '1', '1', '0', '1', '0', null, null, null, '1', '2013-05-27 08:00:00', '1', '2013-05-27 08:00:00', null, '0');
INSERT INTO `cms_category` VALUES ('25', '1', '0,1,', '1', '6', null, '全文检索', null, '/search', null, null, null, '0', '90', '0', '1', '0', '1', '0', null, null, null, '1', '2013-05-27 08:00:00', '1', '2013-05-27 08:00:00', null, '0');
INSERT INTO `cms_category` VALUES ('26', '1', '0,1,', '2', '6', 'article', '测试栏目', null, null, null, null, null, '0', '90', '1', '1', '0', '1', '0', null, null, null, '1', '2013-05-27 08:00:00', '1', '2013-05-27 08:00:00', null, '0');
INSERT INTO `cms_category` VALUES ('27', '1', '0,1,', '1', '6', null, '公共留言', null, '/guestbook', null, null, null, '0', '90', '1', '1', '0', '1', '0', null, null, null, '1', '2013-05-27 08:00:00', '1', '2013-05-27 08:00:00', null, '0');
INSERT INTO `cms_category` VALUES ('3', '2', '0,1,2,', '1', '3', 'article', '网站简介', null, null, null, null, null, '0', '30', '1', '1', '0', '0', '1', null, null, null, '1', '2013-05-27 08:00:00', '1', '2013-05-27 08:00:00', null, '0');
INSERT INTO `cms_category` VALUES ('4', '2', '0,1,2,', '1', '3', 'article', '内部机构', null, null, null, null, null, '0', '40', '1', '1', '0', '0', '1', null, null, null, '1', '2013-05-27 08:00:00', '1', '2013-05-27 08:00:00', null, '0');
INSERT INTO `cms_category` VALUES ('5', '2', '0,1,2,', '1', '3', 'article', '地方机构', null, null, null, null, null, '0', '50', '1', '1', '0', '0', '1', null, null, null, '1', '2013-05-27 08:00:00', '1', '2013-05-27 08:00:00', null, '0');
INSERT INTO `cms_category` VALUES ('6', '1', '0,1,', '1', '3', 'article', '质量检验', null, null, null, null, null, '0', '20', '1', '1', '1', '1', '0', null, null, null, '1', '2013-05-27 08:00:00', '1', '2013-05-27 08:00:00', null, '0');
INSERT INTO `cms_category` VALUES ('7', '6', '0,1,6,', '1', '3', 'article', '产品质量', null, null, null, null, null, '0', '30', '1', '1', '0', '1', '0', null, null, null, '1', '2013-05-27 08:00:00', '1', '2013-05-27 08:00:00', null, '0');
INSERT INTO `cms_category` VALUES ('8', '6', '0,1,6,', '1', '3', 'article', '技术质量', null, null, null, null, null, '0', '40', '1', '1', '0', '1', '0', null, null, null, '1', '2013-05-27 08:00:00', '1', '2013-05-27 08:00:00', null, '0');
INSERT INTO `cms_category` VALUES ('9', '6', '0,1,6,', '1', '3', 'article', '工程质量', null, null, null, null, null, '0', '50', '1', '1', '0', '1', '0', null, null, null, '1', '2013-05-27 08:00:00', '1', '2013-05-27 08:00:00', null, '0');

-- ----------------------------
-- Table structure for cms_comment
-- ----------------------------
DROP TABLE IF EXISTS `cms_comment`;
CREATE TABLE `cms_comment` (
  `id` varchar(64) NOT NULL COMMENT '编号',
  `category_id` varchar(64) NOT NULL COMMENT '栏目编号',
  `content_id` varchar(64) NOT NULL COMMENT '栏目内容的编号',
  `title` varchar(255) DEFAULT NULL COMMENT '栏目内容的标题',
  `content` varchar(255) DEFAULT NULL COMMENT '评论内容',
  `name` varchar(100) DEFAULT NULL COMMENT '评论姓名',
  `ip` varchar(100) DEFAULT NULL COMMENT '评论IP',
  `create_date` datetime NOT NULL COMMENT '评论时间',
  `audit_user_id` varchar(64) DEFAULT NULL COMMENT '审核人',
  `audit_date` datetime DEFAULT NULL COMMENT '审核时间',
  `del_flag` char(1) NOT NULL DEFAULT '0' COMMENT '删除标记',
  PRIMARY KEY (`id`),
  KEY `cms_comment_category_id` (`category_id`) USING BTREE,
  KEY `cms_comment_content_id` (`content_id`) USING BTREE,
  KEY `cms_comment_status` (`del_flag`) USING BTREE
) ENGINE=InnoDB DEFAULT CHARSET=utf8 COMMENT='评论表';

-- ----------------------------
-- Records of cms_comment
-- ----------------------------

-- ----------------------------
-- Table structure for cms_guestbook
-- ----------------------------
DROP TABLE IF EXISTS `cms_guestbook`;
CREATE TABLE `cms_guestbook` (
  `id` varchar(64) NOT NULL COMMENT '编号',
  `type` char(1) NOT NULL COMMENT '留言分类',
  `content` varchar(255) NOT NULL COMMENT '留言内容',
  `name` varchar(100) NOT NULL COMMENT '姓名',
  `email` varchar(100) NOT NULL COMMENT '邮箱',
  `phone` varchar(100) NOT NULL COMMENT '电话',
  `workunit` varchar(100) NOT NULL COMMENT '单位',
  `ip` varchar(100) NOT NULL COMMENT 'IP',
  `create_date` datetime NOT NULL COMMENT '留言时间',
  `re_user_id` varchar(64) DEFAULT NULL COMMENT '回复人',
  `re_date` datetime DEFAULT NULL COMMENT '回复时间',
  `re_content` varchar(100) DEFAULT NULL COMMENT '回复内容',
  `del_flag` char(1) NOT NULL DEFAULT '0' COMMENT '删除标记',
  PRIMARY KEY (`id`),
  KEY `cms_guestbook_del_flag` (`del_flag`) USING BTREE
) ENGINE=InnoDB DEFAULT CHARSET=utf8 COMMENT='留言板';

-- ----------------------------
-- Records of cms_guestbook
-- ----------------------------

-- ----------------------------
-- Table structure for cms_link
-- ----------------------------
DROP TABLE IF EXISTS `cms_link`;
CREATE TABLE `cms_link` (
  `id` varchar(64) NOT NULL COMMENT '编号',
  `category_id` varchar(64) NOT NULL COMMENT '栏目编号',
  `title` varchar(255) NOT NULL COMMENT '链接名称',
  `color` varchar(50) DEFAULT NULL COMMENT '标题颜色',
  `image` varchar(255) DEFAULT NULL COMMENT '链接图片',
  `href` varchar(255) DEFAULT NULL COMMENT '链接地址',
  `weight` int(11) DEFAULT '0' COMMENT '权重，越大越靠前',
  `weight_date` datetime DEFAULT NULL COMMENT '权重期限',
  `create_by` varchar(64) DEFAULT NULL COMMENT '创建者',
  `create_date` datetime DEFAULT NULL COMMENT '创建时间',
  `update_by` varchar(64) DEFAULT NULL COMMENT '更新者',
  `update_date` datetime DEFAULT NULL COMMENT '更新时间',
  `remarks` varchar(255) DEFAULT NULL COMMENT '备注信息',
  `del_flag` char(1) NOT NULL DEFAULT '0' COMMENT '删除标记',
  PRIMARY KEY (`id`),
  KEY `cms_link_category_id` (`category_id`) USING BTREE,
  KEY `cms_link_title` (`title`) USING BTREE,
  KEY `cms_link_del_flag` (`del_flag`) USING BTREE,
  KEY `cms_link_weight` (`weight`) USING BTREE,
  KEY `cms_link_create_by` (`create_by`) USING BTREE,
  KEY `cms_link_update_date` (`update_date`) USING BTREE
) ENGINE=InnoDB DEFAULT CHARSET=utf8 COMMENT='友情链接';

-- ----------------------------
-- Records of cms_link
-- ----------------------------
INSERT INTO `cms_link` VALUES ('1', '19', 'JeeSite', null, null, 'http://thinkgem.github.com/jeesite', '0', null, '1', '2013-05-27 08:00:00', '1', '2013-05-27 08:00:00', null, '0');
INSERT INTO `cms_link` VALUES ('10', '22', '58同城', null, null, 'http://www.58.com/', '0', null, '1', '2013-05-27 08:00:00', '1', '2013-05-27 08:00:00', null, '0');
INSERT INTO `cms_link` VALUES ('11', '23', '视频大全', null, null, 'http://v.360.cn/', '0', null, '1', '2013-05-27 08:00:00', '1', '2013-05-27 08:00:00', null, '0');
INSERT INTO `cms_link` VALUES ('12', '23', '凤凰网', null, null, 'http://www.ifeng.com/', '0', null, '1', '2013-05-27 08:00:00', '1', '2013-05-27 08:00:00', null, '0');
INSERT INTO `cms_link` VALUES ('2', '19', 'ThinkGem', null, null, 'http://thinkgem.iteye.com/', '0', null, '1', '2013-05-27 08:00:00', '1', '2013-05-27 08:00:00', null, '0');
INSERT INTO `cms_link` VALUES ('3', '19', '百度一下', null, null, 'http://www.baidu.com', '0', null, '1', '2013-05-27 08:00:00', '1', '2013-05-27 08:00:00', null, '0');
INSERT INTO `cms_link` VALUES ('4', '19', '谷歌搜索', null, null, 'http://www.google.com', '0', null, '1', '2013-05-27 08:00:00', '1', '2013-05-27 08:00:00', null, '0');
INSERT INTO `cms_link` VALUES ('5', '20', '新浪网', null, null, 'http://www.sina.com.cn', '0', null, '1', '2013-05-27 08:00:00', '1', '2013-05-27 08:00:00', null, '0');
INSERT INTO `cms_link` VALUES ('6', '20', '腾讯网', null, null, 'http://www.qq.com/', '0', null, '1', '2013-05-27 08:00:00', '1', '2013-05-27 08:00:00', null, '0');
INSERT INTO `cms_link` VALUES ('7', '21', '淘宝网', null, null, 'http://www.taobao.com/', '0', null, '1', '2013-05-27 08:00:00', '1', '2013-05-27 08:00:00', null, '0');
INSERT INTO `cms_link` VALUES ('8', '21', '新华网', null, null, 'http://www.xinhuanet.com/', '0', null, '1', '2013-05-27 08:00:00', '1', '2013-05-27 08:00:00', null, '0');
INSERT INTO `cms_link` VALUES ('9', '22', '赶集网', null, null, 'http://www.ganji.com/', '0', null, '1', '2013-05-27 08:00:00', '1', '2013-05-27 08:00:00', null, '0');

-- ----------------------------
-- Table structure for cms_site
-- ----------------------------
DROP TABLE IF EXISTS `cms_site`;
CREATE TABLE `cms_site` (
  `id` varchar(64) NOT NULL COMMENT '编号',
  `name` varchar(100) NOT NULL COMMENT '站点名称',
  `title` varchar(100) NOT NULL COMMENT '站点标题',
  `logo` varchar(255) DEFAULT NULL COMMENT '站点Logo',
  `domain` varchar(255) DEFAULT NULL COMMENT '站点域名',
  `description` varchar(255) DEFAULT NULL COMMENT '描述',
  `keywords` varchar(255) DEFAULT NULL COMMENT '关键字',
  `theme` varchar(255) DEFAULT 'default' COMMENT '主题',
  `copyright` text COMMENT '版权信息',
  `custom_index_view` varchar(255) DEFAULT NULL COMMENT '自定义站点首页视图',
  `create_by` varchar(64) DEFAULT NULL COMMENT '创建者',
  `create_date` datetime DEFAULT NULL COMMENT '创建时间',
  `update_by` varchar(64) DEFAULT NULL COMMENT '更新者',
  `update_date` datetime DEFAULT NULL COMMENT '更新时间',
  `remarks` varchar(255) DEFAULT NULL COMMENT '备注信息',
  `del_flag` char(1) NOT NULL DEFAULT '0' COMMENT '删除标记',
  PRIMARY KEY (`id`),
  KEY `cms_site_del_flag` (`del_flag`) USING BTREE
) ENGINE=InnoDB DEFAULT CHARSET=utf8 COMMENT='站点表';

-- ----------------------------
-- Records of cms_site
-- ----------------------------
INSERT INTO `cms_site` VALUES ('1', '默认站点', '站点', '', null, '站点', '站点', 'basic', '<p>\r\n	站点</p>', '', '1', '2013-05-27 08:00:00', '1', '2015-12-25 16:47:33', null, '0');
INSERT INTO `cms_site` VALUES ('2', '子站点测试', '子站点测试', '', null, '子站点测试', '子站点测试', 'basic', '<p>\r\n	子站点测试</p>', '', '1', '2013-05-27 08:00:00', '1', '2015-12-25 16:47:43', null, '0');

-- ----------------------------
-- Table structure for gen_scheme
-- ----------------------------
DROP TABLE IF EXISTS `gen_scheme`;
CREATE TABLE `gen_scheme` (
  `id` varchar(64) NOT NULL COMMENT '编号',
  `name` varchar(200) DEFAULT NULL COMMENT '名称',
  `category` varchar(2000) DEFAULT NULL COMMENT '分类',
  `package_name` varchar(500) DEFAULT NULL COMMENT '生成包路径',
  `module_name` varchar(30) DEFAULT NULL COMMENT '生成模块名',
  `function_name` varchar(500) DEFAULT NULL COMMENT '生成功能名',
  `function_name_simple` varchar(100) DEFAULT NULL COMMENT '生成功能名（简写）',
  `function_author` varchar(100) DEFAULT NULL COMMENT '生成功能作者',
  `gen_table_id` varchar(200) DEFAULT NULL COMMENT '生成表编号',
  `create_by` varchar(64) DEFAULT NULL COMMENT '创建者',
  `create_date` datetime DEFAULT NULL COMMENT '创建时间',
  `update_by` varchar(64) DEFAULT NULL COMMENT '更新者',
  `update_date` datetime DEFAULT NULL COMMENT '更新时间',
  `remarks` varchar(255) DEFAULT NULL COMMENT '备注信息',
  `del_flag` char(1) NOT NULL DEFAULT '0' COMMENT '删除标记（0：正常；1：删除）',
  PRIMARY KEY (`id`),
  KEY `gen_scheme_del_flag` (`del_flag`) USING BTREE
) ENGINE=InnoDB DEFAULT CHARSET=utf8 COMMENT='生成方案';

-- ----------------------------
-- Records of gen_scheme
-- ----------------------------
INSERT INTO `gen_scheme` VALUES ('35a13dc260284a728a270db3f382664b', '树结构', 'treeTable', 'com.platform.modules', 'test', '树结构生成', '树结构', 'ThinkGem', 'f6e4dafaa72f4c509636484715f33a96', '1', '2013-08-12 13:10:05', '1', '2015-12-24 10:36:30', '', '0');
INSERT INTO `gen_scheme` VALUES ('9c9de9db6da743bb899036c6546061ac', '单表', 'curd', 'com.platform.modules', 'test', '单表生成', '单表', 'ThinkGem', 'aef6f1fc948f4c9ab1c1b780bc471cc2', '1', '2013-08-12 13:10:05', '1', '2013-08-12 13:10:05', null, '0');
INSERT INTO `gen_scheme` VALUES ('e6d905fd236b46d1af581dd32bdfb3b0', '主子表', 'treeTableAndList', 'com.platform.modules', 't1', '主子表生成', '主子表', 'ThinkGem', '43d6d5acffa14c258340ce6765e46c6f', '1', '2013-08-12 13:10:05', '1', '2016-01-05 18:53:14', '', '0');

-- ----------------------------
-- Table structure for gen_table
-- ----------------------------
DROP TABLE IF EXISTS `gen_table`;
CREATE TABLE `gen_table` (
  `id` varchar(64) NOT NULL COMMENT '编号',
  `name` varchar(200) DEFAULT NULL COMMENT '名称',
  `comments` varchar(500) DEFAULT NULL COMMENT '描述',
  `class_name` varchar(100) DEFAULT NULL COMMENT '实体类名称',
  `parent_table` varchar(200) DEFAULT NULL COMMENT '关联父表',
  `parent_table_fk` varchar(100) DEFAULT NULL COMMENT '关联父表外键',
  `create_by` varchar(64) DEFAULT NULL COMMENT '创建者',
  `create_date` datetime DEFAULT NULL COMMENT '创建时间',
  `update_by` varchar(64) DEFAULT NULL COMMENT '更新者',
  `update_date` datetime DEFAULT NULL COMMENT '更新时间',
  `remarks` varchar(255) DEFAULT NULL COMMENT '备注信息',
  `del_flag` char(1) NOT NULL DEFAULT '0' COMMENT '删除标记（0：正常；1：删除）',
  PRIMARY KEY (`id`),
  KEY `gen_table_name` (`name`) USING BTREE,
  KEY `gen_table_del_flag` (`del_flag`) USING BTREE
) ENGINE=InnoDB DEFAULT CHARSET=utf8 COMMENT='业务表';

-- ----------------------------
-- Records of gen_table
-- ----------------------------
INSERT INTO `gen_table` VALUES ('43d6d5acffa14c258340ce6765e46c6f', 'test_data_main', '业务数据表', 'TestDataMain', null, null, '1', '2013-08-12 13:10:05', '1', '2013-08-12 13:10:05', null, '0');
INSERT INTO `gen_table` VALUES ('6e05c389f3c6415ea34e55e9dfb28934', 'test_data_child', '业务数据子表', 'TestDataChild', 'test_data_main', 'test_data_main_id', '1', '2013-08-12 13:10:05', '1', '2015-12-23 17:00:18', '', '0');
INSERT INTO `gen_table` VALUES ('aef6f1fc948f4c9ab1c1b780bc471cc2', 'test_data', '业务数据表', 'TestData', '', '', '1', '2013-08-12 13:10:05', '1', '2015-12-23 14:34:48', '', '0');
INSERT INTO `gen_table` VALUES ('f6e4dafaa72f4c509636484715f33a96', 'test_tree', '树结构表', 'TestTree', '', '', '1', '2013-08-12 13:10:05', '1', '2015-12-23 17:00:29', '', '0');

-- ----------------------------
-- Table structure for gen_table_column
-- ----------------------------
DROP TABLE IF EXISTS `gen_table_column`;
CREATE TABLE `gen_table_column` (
  `id` varchar(64) NOT NULL COMMENT '编号',
  `gen_table_id` varchar(64) DEFAULT NULL COMMENT '归属表编号',
  `name` varchar(200) DEFAULT NULL COMMENT '名称',
  `comments` varchar(500) DEFAULT NULL COMMENT '描述',
  `jdbc_type` varchar(100) DEFAULT NULL COMMENT '列的数据类型的字节长度',
  `java_type` varchar(500) DEFAULT NULL COMMENT 'JAVA类型',
  `java_field` varchar(200) DEFAULT NULL COMMENT 'JAVA字段名',
  `is_pk` char(1) DEFAULT NULL COMMENT '是否主键',
  `is_null` char(1) DEFAULT NULL COMMENT '是否可为空',
  `is_insert` char(1) DEFAULT NULL COMMENT '是否为插入字段',
  `is_edit` char(1) DEFAULT NULL COMMENT '是否编辑字段',
  `is_list` char(1) DEFAULT NULL COMMENT '是否列表字段',
  `is_query` char(1) DEFAULT NULL COMMENT '是否查询字段',
  `query_type` varchar(200) DEFAULT NULL COMMENT '查询方式（等于、不等于、大于、小于、范围、左LIKE、右LIKE、左右LIKE）',
  `show_type` varchar(200) DEFAULT NULL COMMENT '字段生成方案（文本框、文本域、下拉框、复选框、单选框、字典选择、人员选择、部门选择、区域选择）',
  `dict_type` varchar(200) DEFAULT NULL COMMENT '字典类型',
  `settings` varchar(2000) DEFAULT NULL COMMENT '其它设置（扩展字段JSON）',
  `sort` decimal(10,0) DEFAULT NULL COMMENT '排序（升序）',
  `create_by` varchar(64) DEFAULT NULL COMMENT '创建者',
  `create_date` datetime DEFAULT NULL COMMENT '创建时间',
  `update_by` varchar(64) DEFAULT NULL COMMENT '更新者',
  `update_date` datetime DEFAULT NULL COMMENT '更新时间',
  `remarks` varchar(255) DEFAULT NULL COMMENT '备注信息',
  `del_flag` char(1) NOT NULL DEFAULT '0' COMMENT '删除标记（0：正常；1：删除）',
  PRIMARY KEY (`id`),
  KEY `gen_table_column_table_id` (`gen_table_id`) USING BTREE,
  KEY `gen_table_column_name` (`name`) USING BTREE,
  KEY `gen_table_column_sort` (`sort`) USING BTREE,
  KEY `gen_table_column_del_flag` (`del_flag`) USING BTREE
) ENGINE=InnoDB DEFAULT CHARSET=utf8 COMMENT='业务表字段';

-- ----------------------------
-- Records of gen_table_column
-- ----------------------------
INSERT INTO `gen_table_column` VALUES ('0902a0cb3e8f434280c20e9d771d0658', 'aef6f1fc948f4c9ab1c1b780bc471cc2', 'sex', '性别', 'char(1)', 'String', 'sex', '0', '1', '1', '1', '1', '1', '=', 'radiobox', 'sex', null, '6', '1', '2013-08-12 13:10:05', '1', '2015-12-23 14:34:48', null, '0');
INSERT INTO `gen_table_column` VALUES ('103fc05c88ff40639875c2111881996a', 'aef6f1fc948f4c9ab1c1b780bc471cc2', 'create_date', '创建时间', 'timestamp(6)', 'java.util.Date', 'createDate', '0', '0', '1', '0', '0', '0', '=', 'dateselect', '', null, '9', '1', '2013-08-12 13:10:05', '1', '2015-12-23 14:34:48', null, '0');
INSERT INTO `gen_table_column` VALUES ('12fa38dd986e41908f7fefa5839d1220', '6e05c389f3c6415ea34e55e9dfb28934', 'create_by', '创建者', 'varchar2(64)', 'String', 'createBy.id', '0', '0', '1', '0', '0', '0', '=', 'input', '', null, '4', '1', '2013-08-12 13:10:05', '1', '2015-12-23 17:00:18', null, '0');
INSERT INTO `gen_table_column` VALUES ('195ee9241f954d008fe01625f4adbfef', 'f6e4dafaa72f4c509636484715f33a96', 'create_by', '创建者', 'varchar2(64)', 'String', 'createBy.id', '0', '0', '1', '0', '0', '0', '=', 'input', '', null, '6', '1', '2013-08-12 13:10:05', '1', '2015-12-23 17:00:29', null, '0');
INSERT INTO `gen_table_column` VALUES ('19c6478b8ff54c60910c2e4fc3d27503', '43d6d5acffa14c258340ce6765e46c6f', 'id', '编号', 'varchar2(64)', 'String', 'id', '1', '0', '1', '0', '0', '0', '=', 'input', null, null, '1', '1', '2013-08-12 13:10:05', '1', '2013-08-12 13:10:05', null, '0');
INSERT INTO `gen_table_column` VALUES ('1ac6562f753d4e599693840651ab2bf7', '43d6d5acffa14c258340ce6765e46c6f', 'in_date', '加入日期', 'date(7)', 'java.util.Date', 'inDate', '0', '1', '1', '1', '0', '0', '=', 'dateselect', null, null, '7', '1', '2013-08-12 13:10:05', '1', '2013-08-12 13:10:05', null, '0');
INSERT INTO `gen_table_column` VALUES ('1b8eb55f65284fa6b0a5879b6d8ad3ec', 'aef6f1fc948f4c9ab1c1b780bc471cc2', 'in_date', '加入日期', 'date(7)', 'java.util.Date', 'inDate', '0', '1', '1', '1', '0', '1', 'between', 'dateselect', '', null, '7', '1', '2013-08-12 13:10:05', '1', '2015-12-23 14:34:48', null, '0');
INSERT INTO `gen_table_column` VALUES ('1d5ca4d114be41e99f8dc42a682ba609', 'aef6f1fc948f4c9ab1c1b780bc471cc2', 'user_id', '归属用户', 'varchar2(64)', 'String', 'user.id|name', '0', '1', '1', '1', '1', '1', '=', 'userselect', '', null, '2', '1', '2013-08-12 13:10:05', '1', '2015-12-23 14:34:48', null, '0');
INSERT INTO `gen_table_column` VALUES ('21756504ffdc487eb167a823f89c0c06', '43d6d5acffa14c258340ce6765e46c6f', 'update_by', '更新者', 'varchar2(64)', 'com.platform.modules.modules.sys.bean.User', 'updateBy.id', '0', '0', '1', '1', '0', '0', '=', 'input', null, null, '10', '1', '2013-08-12 13:10:05', '1', '2013-08-12 13:10:05', null, '0');
INSERT INTO `gen_table_column` VALUES ('24bbdc0a555e4412a106ab1c5f03008e', 'f6e4dafaa72f4c509636484715f33a96', 'parent_ids', '所有父级编号', 'varchar2(2000)', 'String', 'parentIds', '0', '0', '1', '1', '0', '0', 'like', 'input', '', null, '3', '1', '2013-08-12 13:10:05', '1', '2015-12-23 17:00:29', null, '0');
INSERT INTO `gen_table_column` VALUES ('33152ce420904594b3eac796a27f0560', '6e05c389f3c6415ea34e55e9dfb28934', 'id', '编号', 'varchar2(64)', 'String', 'id', '1', '0', '1', '0', '0', '0', '=', 'input', '', null, '1', '1', '2013-08-12 13:10:05', '1', '2015-12-23 17:00:18', null, '0');
INSERT INTO `gen_table_column` VALUES ('35af241859624a01917ab64c3f4f0813', 'aef6f1fc948f4c9ab1c1b780bc471cc2', 'del_flag', '删除标记（0：正常；1：删除）', 'char(1)', 'String', 'delFlag', '0', '0', '1', '0', '0', '0', '=', 'radiobox', 'del_flag', null, '13', '1', '2013-08-12 13:10:05', '1', '2015-12-23 14:34:48', null, '0');
INSERT INTO `gen_table_column` VALUES ('398b4a03f06940bfb979ca574e1911e3', 'aef6f1fc948f4c9ab1c1b780bc471cc2', 'create_by', '创建者', 'varchar2(64)', 'String', 'createBy.id', '0', '0', '1', '0', '0', '0', '=', 'input', '', null, '8', '1', '2013-08-12 13:10:05', '1', '2015-12-23 14:34:48', null, '0');
INSERT INTO `gen_table_column` VALUES ('3a7cf23ae48a4c849ceb03feffc7a524', '43d6d5acffa14c258340ce6765e46c6f', 'area_id', '归属区域', 'nvarchar2(64)', 'com.platform.modules.modules.sys.bean.Area', 'area.id|name', '0', '1', '1', '1', '0', '0', '=', 'areaselect', null, null, '4', '1', '2013-08-12 13:10:05', '1', '2013-08-12 13:10:05', null, '0');
INSERT INTO `gen_table_column` VALUES ('3d9c32865bb44e85af73381df0ffbf3d', '43d6d5acffa14c258340ce6765e46c6f', 'update_date', '更新时间', 'timestamp(6)', 'java.util.Date', 'updateDate', '0', '0', '1', '1', '1', '0', '=', 'dateselect', null, null, '11', '1', '2013-08-12 13:10:05', '1', '2013-08-12 13:10:05', null, '0');
INSERT INTO `gen_table_column` VALUES ('416c76d2019b4f76a96d8dc3a8faf84c', 'f6e4dafaa72f4c509636484715f33a96', 'update_date', '更新时间', 'timestamp(6)', 'java.util.Date', 'updateDate', '0', '0', '1', '1', '1', '0', '=', 'dateselect', '', null, '9', '1', '2013-08-12 13:10:05', '1', '2015-12-23 17:00:29', null, '0');
INSERT INTO `gen_table_column` VALUES ('46e6d8283270493687085d29efdecb05', 'f6e4dafaa72f4c509636484715f33a96', 'del_flag', '删除标记（0：正常；1：删除）', 'char(1)', 'String', 'delFlag', '0', '0', '1', '0', '0', '0', '=', 'radiobox', 'del_flag', null, '11', '1', '2013-08-12 13:10:05', '1', '2015-12-23 17:00:29', null, '0');
INSERT INTO `gen_table_column` VALUES ('4a0a1fff86ca46519477d66b82e01991', 'aef6f1fc948f4c9ab1c1b780bc471cc2', 'name', '名称', 'nvarchar2(100)', 'String', 'name', '0', '1', '1', '1', '1', '1', 'like', 'input', '', null, '5', '1', '2013-08-12 13:10:05', '1', '2015-12-23 14:34:48', null, '0');
INSERT INTO `gen_table_column` VALUES ('4c8ef12cb6924b9ba44048ba9913150b', '43d6d5acffa14c258340ce6765e46c6f', 'create_date', '创建时间', 'timestamp(6)', 'java.util.Date', 'createDate', '0', '0', '1', '0', '0', '0', '=', 'dateselect', null, null, '9', '1', '2013-08-12 13:10:05', '1', '2013-08-12 13:10:05', null, '0');
INSERT INTO `gen_table_column` VALUES ('53d65a3d306d4fac9e561db9d3c66912', '6e05c389f3c6415ea34e55e9dfb28934', 'del_flag', '删除标记（0：正常；1：删除）', 'char(1)', 'String', 'delFlag', '0', '0', '1', '0', '0', '0', '=', 'radiobox', 'del_flag', null, '9', '1', '2013-08-12 13:10:05', '1', '2015-12-23 17:00:18', null, '0');
INSERT INTO `gen_table_column` VALUES ('56fa71c0bd7e4132931874e548dc9ba5', '6e05c389f3c6415ea34e55e9dfb28934', 'update_by', '更新者', 'varchar2(64)', 'String', 'updateBy.id', '0', '0', '1', '1', '0', '0', '=', 'input', '', null, '6', '1', '2013-08-12 13:10:05', '1', '2015-12-23 17:00:18', null, '0');
INSERT INTO `gen_table_column` VALUES ('5a4a1933c9c844fdba99de043dc8205e', 'aef6f1fc948f4c9ab1c1b780bc471cc2', 'update_by', '更新者', 'varchar2(64)', 'String', 'updateBy.id', '0', '0', '1', '1', '0', '0', '=', 'input', '', null, '10', '1', '2013-08-12 13:10:05', '1', '2015-12-23 14:34:48', null, '0');
INSERT INTO `gen_table_column` VALUES ('5e5c69bd3eaa4dcc9743f361f3771c08', 'aef6f1fc948f4c9ab1c1b780bc471cc2', 'id', '编号', 'varchar2(64)', 'String', 'id', '1', '0', '1', '0', '0', '0', '=', 'input', '', null, '1', '1', '2013-08-12 13:10:05', '1', '2015-12-23 14:34:48', null, '0');
INSERT INTO `gen_table_column` VALUES ('633f5a49ec974c099158e7b3e6bfa930', 'f6e4dafaa72f4c509636484715f33a96', 'name', '名称', 'nvarchar2(100)', 'String', 'name', '0', '0', '1', '1', '1', '1', 'like', 'input', '', null, '4', '1', '2013-08-12 13:10:05', '1', '2015-12-23 17:00:29', null, '0');
INSERT INTO `gen_table_column` VALUES ('652491500f2641ffa7caf95a93e64d34', '6e05c389f3c6415ea34e55e9dfb28934', 'update_date', '更新时间', 'timestamp(6)', 'java.util.Date', 'updateDate', '0', '0', '1', '1', '1', '0', '=', 'dateselect', '', null, '7', '1', '2013-08-12 13:10:05', '1', '2015-12-23 17:00:18', null, '0');
INSERT INTO `gen_table_column` VALUES ('6763ff6dc7cd4c668e76cf9b697d3ff6', 'f6e4dafaa72f4c509636484715f33a96', 'sort', '排序', 'number(10)', 'Integer', 'sort', '0', '0', '1', '1', '1', '0', '=', 'input', '', null, '5', '1', '2013-08-12 13:10:05', '1', '2015-12-23 17:00:29', null, '0');
INSERT INTO `gen_table_column` VALUES ('67d0331f809a48ee825602659f0778e8', '43d6d5acffa14c258340ce6765e46c6f', 'name', '名称', 'nvarchar2(100)', 'String', 'name', '0', '1', '1', '1', '1', '1', 'like', 'input', null, null, '5', '1', '2013-08-12 13:10:05', '1', '2013-08-12 13:10:05', null, '0');
INSERT INTO `gen_table_column` VALUES ('68345713bef3445c906f70e68f55de38', '6e05c389f3c6415ea34e55e9dfb28934', 'test_data_main_id', '业务主表', 'varchar2(64)', 'String', 'testDataMain.id', '0', '1', '1', '1', '0', '0', '=', 'input', '', null, '2', '1', '2013-08-12 13:10:05', '1', '2015-12-23 17:00:18', null, '0');
INSERT INTO `gen_table_column` VALUES ('71ea4bc10d274911b405f3165fc1bb1a', 'aef6f1fc948f4c9ab1c1b780bc471cc2', 'area_id', '归属区域', 'nvarchar2(64)', 'String', 'area.id|name', '0', '1', '1', '1', '1', '1', '=', 'areaselect', '', null, '4', '1', '2013-08-12 13:10:05', '1', '2015-12-23 14:34:48', null, '0');
INSERT INTO `gen_table_column` VALUES ('7f871058d94c4d9a89084be7c9ce806d', '6e05c389f3c6415ea34e55e9dfb28934', 'remarks', '备注信息', 'nvarchar2(255)', 'String', 'remarks', '0', '1', '1', '1', '1', '0', '=', 'input', '', null, '8', '1', '2013-08-12 13:10:05', '1', '2015-12-23 17:00:18', null, '0');
INSERT INTO `gen_table_column` VALUES ('8b48774cfe184913b8b5eb17639cf12d', '43d6d5acffa14c258340ce6765e46c6f', 'create_by', '创建者', 'varchar2(64)', 'com.platform.modules.modules.sys.bean.User', 'createBy.id', '0', '0', '1', '0', '0', '0', '=', 'input', null, null, '8', '1', '2013-08-12 13:10:05', '1', '2013-08-12 13:10:05', null, '0');
INSERT INTO `gen_table_column` VALUES ('8b7cf0525519474ebe1de9e587eb7067', '6e05c389f3c6415ea34e55e9dfb28934', 'create_date', '创建时间', 'timestamp(6)', 'java.util.Date', 'createDate', '0', '0', '1', '0', '0', '0', '=', 'dateselect', '', null, '5', '1', '2013-08-12 13:10:05', '1', '2015-12-23 17:00:18', null, '0');
INSERT INTO `gen_table_column` VALUES ('8b9de88df53e485d8ef461c4b1824bc1', '43d6d5acffa14c258340ce6765e46c6f', 'user_id', '归属用户', 'varchar2(64)', 'com.platform.modules.modules.sys.bean.User', 'user.id|name', '0', '1', '1', '1', '1', '1', '=', 'userselect', null, null, '2', '1', '2013-08-12 13:10:05', '1', '2013-08-12 13:10:05', null, '0');
INSERT INTO `gen_table_column` VALUES ('8da38dbe5fe54e9bb1f9682c27fbf403', 'aef6f1fc948f4c9ab1c1b780bc471cc2', 'remarks', '备注信息', 'nvarchar2(255)', 'String', 'remarks', '0', '1', '1', '1', '1', '0', '=', 'textarea', '', null, '12', '1', '2013-08-12 13:10:05', '1', '2015-12-23 14:34:48', null, '0');
INSERT INTO `gen_table_column` VALUES ('92481c16a0b94b0e8bba16c3c54eb1e4', 'f6e4dafaa72f4c509636484715f33a96', 'create_date', '创建时间', 'timestamp(6)', 'java.util.Date', 'createDate', '0', '0', '1', '0', '0', '0', '=', 'dateselect', '', null, '7', '1', '2013-08-12 13:10:05', '1', '2015-12-23 17:00:29', null, '0');
INSERT INTO `gen_table_column` VALUES ('9a012c1d2f934dbf996679adb7cc827a', 'f6e4dafaa72f4c509636484715f33a96', 'parent_id', '父级编号', 'varchar2(64)', 'This', 'parent.id|name', '0', '0', '1', '1', '0', '0', '=', 'treeselect', '', null, '2', '1', '2013-08-12 13:10:05', '1', '2015-12-23 17:00:29', null, '0');
INSERT INTO `gen_table_column` VALUES ('ad3bf0d4b44b4528a5211a66af88f322', 'aef6f1fc948f4c9ab1c1b780bc471cc2', 'office_id', '归属部门', 'varchar2(64)', 'String', 'office.id|name', '0', '1', '1', '1', '1', '1', '=', 'officeselect', '', null, '3', '1', '2013-08-12 13:10:05', '1', '2015-12-23 14:34:48', null, '0');
INSERT INTO `gen_table_column` VALUES ('bb1256a8d1b741f6936d8fed06f45eed', 'f6e4dafaa72f4c509636484715f33a96', 'update_by', '更新者', 'varchar2(64)', 'String', 'updateBy.id', '0', '0', '1', '1', '0', '0', '=', 'input', '', null, '8', '1', '2013-08-12 13:10:05', '1', '2015-12-23 17:00:29', null, '0');
INSERT INTO `gen_table_column` VALUES ('ca68a2d403f0449cbaa1d54198c6f350', '43d6d5acffa14c258340ce6765e46c6f', 'office_id', '归属部门', 'varchar2(64)', 'com.platform.modules.modules.sys.bean.Office', 'office.id|name', '0', '1', '1', '1', '0', '0', '=', 'officeselect', null, null, '3', '1', '2013-08-12 13:10:05', '1', '2013-08-12 13:10:05', null, '0');
INSERT INTO `gen_table_column` VALUES ('cb9c0ec3da26432d9cbac05ede0fd1d0', '43d6d5acffa14c258340ce6765e46c6f', 'remarks', '备注信息', 'nvarchar2(255)', 'String', 'remarks', '0', '1', '1', '1', '1', '0', '=', 'textarea', null, null, '12', '1', '2013-08-12 13:10:05', '1', '2013-08-12 13:10:05', null, '0');
INSERT INTO `gen_table_column` VALUES ('cfcfa06ea61749c9b4c4dbc507e0e580', 'f6e4dafaa72f4c509636484715f33a96', 'id', '编号', 'varchar2(64)', 'String', 'id', '1', '0', '1', '0', '0', '0', '=', 'input', '', null, '1', '1', '2013-08-12 13:10:05', '1', '2015-12-23 17:00:29', null, '0');
INSERT INTO `gen_table_column` VALUES ('d5c2d932ae904aa8a9f9ef34cd36fb0b', '43d6d5acffa14c258340ce6765e46c6f', 'sex', '性别', 'char(1)', 'String', 'sex', '0', '1', '1', '1', '0', '1', '=', 'select', 'sex', null, '6', '1', '2013-08-12 13:10:05', '1', '2013-08-12 13:10:05', null, '0');
INSERT INTO `gen_table_column` VALUES ('e64050a2ebf041faa16f12dda5dcf784', '6e05c389f3c6415ea34e55e9dfb28934', 'name', '名称', 'nvarchar2(100)', 'String', 'name', '0', '1', '1', '1', '1', '1', 'like', 'input', '', null, '3', '1', '2013-08-12 13:10:05', '1', '2015-12-23 17:00:18', null, '0');
INSERT INTO `gen_table_column` VALUES ('e8d11127952d4aa288bb3901fc83127f', '43d6d5acffa14c258340ce6765e46c6f', 'del_flag', '删除标记（0：正常；1：删除）', 'char(1)', 'String', 'delFlag', '0', '0', '1', '0', '0', '0', '=', 'radiobox', 'del_flag', null, '13', '1', '2013-08-12 13:10:05', '1', '2013-08-12 13:10:05', null, '0');
INSERT INTO `gen_table_column` VALUES ('eb2e5afd13f147a990d30e68e7f64e12', 'aef6f1fc948f4c9ab1c1b780bc471cc2', 'update_date', '更新时间', 'timestamp(6)', 'java.util.Date', 'updateDate', '0', '0', '1', '1', '1', '0', '=', 'dateselect', '', null, '11', '1', '2013-08-12 13:10:05', '1', '2015-12-23 14:34:48', null, '0');
INSERT INTO `gen_table_column` VALUES ('f5ed8c82bad0413fbfcccefa95931358', 'f6e4dafaa72f4c509636484715f33a96', 'remarks', '备注信息', 'nvarchar2(255)', 'String', 'remarks', '0', '1', '1', '1', '1', '0', '=', 'textarea', '', null, '10', '1', '2013-08-12 13:10:05', '1', '2015-12-23 17:00:29', null, '0');

-- ----------------------------
-- Table structure for sys_area
-- ----------------------------
DROP TABLE IF EXISTS `sys_area`;
CREATE TABLE `sys_area` (
  `id` varchar(64) NOT NULL COMMENT '编号',
  `parent_id` varchar(64) NOT NULL COMMENT '父级编号',
  `parent_ids` varchar(2000) NOT NULL COMMENT '所有父级编号',
  `name` varchar(100) NOT NULL COMMENT '名称',
  `sort` decimal(10,0) NOT NULL COMMENT '排序',
  `code` varchar(100) DEFAULT NULL COMMENT '区域编码',
  `type` char(1) DEFAULT NULL COMMENT '区域类型(1：国家；2：省份、直辖市；3：市；4：区县)',
  `create_by` varchar(64) NOT NULL COMMENT '创建者',
  `create_date` datetime NOT NULL COMMENT '创建时间',
  `update_by` varchar(64) NOT NULL COMMENT '更新者',
  `update_date` datetime NOT NULL COMMENT '更新时间',
  `remarks` varchar(255) DEFAULT NULL COMMENT '备注信息',
  `del_flag` char(1) NOT NULL DEFAULT '0' COMMENT '删除标记',
  PRIMARY KEY (`id`),
  KEY `sys_area_parent_id` (`parent_id`) USING BTREE,
  KEY `sys_area_del_flag` (`del_flag`) USING BTREE
) ENGINE=InnoDB DEFAULT CHARSET=utf8 COMMENT='区域表';

-- ----------------------------
-- Records of sys_area
-- ----------------------------
INSERT INTO `sys_area` VALUES ('1', '0', '0,', '中国', '10', '100000', '1', '1', '2013-05-27 08:00:00', '1', '2015-11-04 17:28:18', '', '0');
INSERT INTO `sys_area` VALUES ('2', '1', '0,1,', '四川省', '20', '110000', '2', '1', '2013-05-27 08:00:00', '1', '2015-11-06 18:10:45', '', '0');
INSERT INTO `sys_area` VALUES ('3', '2', '0,1,2,', '成都市', '30', '110101', '3', '1', '2013-05-27 08:00:00', '1', '2015-11-06 18:10:58', '', '0');
INSERT INTO `sys_area` VALUES ('4', '3', '0,1,2,3,', '青羊区', '40', '110102', '4', '1', '2013-05-27 08:00:00', '1', '2015-11-06 18:11:26', '', '0');
INSERT INTO `sys_area` VALUES ('5', '3', '0,1,2,3,', '武侯区', '50', '110104', '4', '1', '2013-05-27 08:00:00', '1', '2015-11-06 18:11:50', '', '0');
INSERT INTO `sys_area` VALUES ('6', '3', '0,1,2,3,', '高新区', '60', '110105', '4', '1', '2013-05-27 08:00:00', '1', '2013-05-27 08:00:00', null, '0');

-- ----------------------------
-- Table structure for sys_dict
-- ----------------------------
DROP TABLE IF EXISTS `sys_dict`;
CREATE TABLE `sys_dict` (
  `id` varchar(64) NOT NULL COMMENT '编号',
  `value` varchar(100) NOT NULL COMMENT '数据值',
  `label` varchar(100) NOT NULL COMMENT '标签名',
  `type` varchar(100) NOT NULL COMMENT '类型',
  `description` varchar(100) NOT NULL COMMENT '描述',
  `sort` decimal(10,0) NOT NULL COMMENT '排序（升序）',
  `parent_id` varchar(64) DEFAULT '0' COMMENT '父级编号',
  `create_by` varchar(64) NOT NULL COMMENT '创建者',
  `create_date` datetime NOT NULL COMMENT '创建时间',
  `update_by` varchar(64) NOT NULL COMMENT '更新者',
  `update_date` datetime NOT NULL COMMENT '更新时间',
  `remarks` varchar(255) DEFAULT NULL COMMENT '备注信息',
  `del_flag` char(1) NOT NULL DEFAULT '0' COMMENT '删除标记',
  PRIMARY KEY (`id`),
  KEY `sys_dict_value` (`value`) USING BTREE,
  KEY `sys_dict_label` (`label`) USING BTREE,
  KEY `sys_dict_del_flag` (`del_flag`) USING BTREE
) ENGINE=InnoDB DEFAULT CHARSET=utf8 COMMENT='字典表';

-- ----------------------------
-- Records of sys_dict
-- ----------------------------
INSERT INTO `sys_dict` VALUES ('1', '0', '正常', 'del_flag', '删除标记', '10', '0', '1', '2013-05-27 08:00:00', '1', '2013-05-27 08:00:00', null, '0');
INSERT INTO `sys_dict` VALUES ('10', 'yellow', '黄色', 'color', '颜色值', '40', '0', '1', '2013-05-27 08:00:00', '1', '2013-05-27 08:00:00', null, '0');
INSERT INTO `sys_dict` VALUES ('105', '1', '会议通告\0\0\0\0', 'oa_notify_type', '通知通告类型', '10', '0', '1', '2013-11-08 08:00:00', '1', '2013-11-08 08:00:00', null, '0');
INSERT INTO `sys_dict` VALUES ('106', '2', '奖惩通告\0\0\0\0', 'oa_notify_type', '通知通告类型', '20', '0', '1', '2013-11-08 08:00:00', '1', '2013-11-08 08:00:00', null, '0');
INSERT INTO `sys_dict` VALUES ('107', '3', '活动通告\0\0\0\0', 'oa_notify_type', '通知通告类型', '30', '0', '1', '2013-11-08 08:00:00', '1', '2013-11-08 08:00:00', null, '0');
INSERT INTO `sys_dict` VALUES ('108', '0', '草稿', 'oa_notify_status', '通知通告状态', '10', '0', '1', '2013-11-08 08:00:00', '1', '2013-11-08 08:00:00', null, '0');
INSERT INTO `sys_dict` VALUES ('109', '1', '发布', 'oa_notify_status', '通知通告状态', '20', '0', '1', '2013-11-08 08:00:00', '1', '2013-11-08 08:00:00', null, '0');
INSERT INTO `sys_dict` VALUES ('11', 'orange', '橙色', 'color', '颜色值', '50', '0', '1', '2013-05-27 08:00:00', '1', '2013-05-27 08:00:00', null, '0');
INSERT INTO `sys_dict` VALUES ('110', '0', '未读', 'oa_notify_read', '通知通告状态', '10', '0', '1', '2013-11-08 08:00:00', '1', '2013-11-08 08:00:00', null, '0');
INSERT INTO `sys_dict` VALUES ('111', '1', '已读', 'oa_notify_read', '通知通告状态', '20', '0', '1', '2013-11-08 08:00:00', '1', '2013-11-08 08:00:00', null, '0');
INSERT INTO `sys_dict` VALUES ('12', 'default', '默认主题', 'theme', '主题方案', '10', '0', '1', '2013-05-27 08:00:00', '1', '2013-05-27 08:00:00', null, '0');
INSERT INTO `sys_dict` VALUES ('13', 'cerulean', '天蓝主题', 'theme', '主题方案', '20', '0', '1', '2013-05-27 08:00:00', '1', '2013-05-27 08:00:00', null, '0');
INSERT INTO `sys_dict` VALUES ('14', 'readable', '橙色主题', 'theme', '主题方案', '30', '0', '1', '2013-05-27 08:00:00', '1', '2013-05-27 08:00:00', null, '0');
INSERT INTO `sys_dict` VALUES ('15', 'united', '红色主题', 'theme', '主题方案', '40', '0', '1', '2013-05-27 08:00:00', '1', '2013-05-27 08:00:00', null, '0');
INSERT INTO `sys_dict` VALUES ('16', 'flat', 'Flat主题', 'theme', '主题方案', '60', '0', '1', '2013-05-27 08:00:00', '1', '2013-05-27 08:00:00', null, '0');
INSERT INTO `sys_dict` VALUES ('17', '1', '国家', 'sys_area_type', '区域类型', '10', '0', '1', '2013-05-27 08:00:00', '1', '2013-05-27 08:00:00', null, '0');
INSERT INTO `sys_dict` VALUES ('18', '2', '省份、直辖市', 'sys_area_type', '区域类型', '20', '0', '1', '2013-05-27 08:00:00', '1', '2013-05-27 08:00:00', null, '0');
INSERT INTO `sys_dict` VALUES ('19', '3', '地市', 'sys_area_type', '区域类型', '30', '0', '1', '2013-05-27 08:00:00', '1', '2013-05-27 08:00:00', null, '0');
INSERT INTO `sys_dict` VALUES ('2', '1', '删除', 'del_flag', '删除标记', '20', '0', '1', '2013-05-27 08:00:00', '1', '2013-05-27 08:00:00', null, '0');
INSERT INTO `sys_dict` VALUES ('20', '4', '区县', 'sys_area_type', '区域类型', '40', '0', '1', '2013-05-27 08:00:00', '1', '2013-05-27 08:00:00', null, '0');
INSERT INTO `sys_dict` VALUES ('21', '1', '公司', 'sys_office_type', '机构类型', '60', '0', '1', '2013-05-27 08:00:00', '1', '2013-05-27 08:00:00', null, '0');
INSERT INTO `sys_dict` VALUES ('22', '2', '部门', 'sys_office_type', '机构类型', '70', '0', '1', '2013-05-27 08:00:00', '1', '2013-05-27 08:00:00', null, '0');
INSERT INTO `sys_dict` VALUES ('23', '3', '小组', 'sys_office_type', '机构类型', '80', '0', '1', '2013-05-27 08:00:00', '1', '2013-05-27 08:00:00', null, '0');
INSERT INTO `sys_dict` VALUES ('24', '4', '其它', 'sys_office_type', '机构类型', '90', '0', '1', '2013-05-27 08:00:00', '1', '2013-05-27 08:00:00', null, '0');
INSERT INTO `sys_dict` VALUES ('25', '1', '综合部', 'sys_office_common', '快捷通用部门', '30', '0', '1', '2013-05-27 08:00:00', '1', '2013-05-27 08:00:00', null, '0');
INSERT INTO `sys_dict` VALUES ('26', '2', '开发部', 'sys_office_common', '快捷通用部门', '40', '0', '1', '2013-05-27 08:00:00', '1', '2013-05-27 08:00:00', null, '0');
INSERT INTO `sys_dict` VALUES ('27', '3', '人力部', 'sys_office_common', '快捷通用部门', '50', '0', '1', '2013-05-27 08:00:00', '1', '2013-05-27 08:00:00', null, '0');
INSERT INTO `sys_dict` VALUES ('28', '1', '一级', 'sys_office_grade', '机构等级', '10', '0', '1', '2013-05-27 08:00:00', '1', '2013-05-27 08:00:00', null, '0');
INSERT INTO `sys_dict` VALUES ('29', '2', '二级', 'sys_office_grade', '机构等级', '20', '0', '1', '2013-05-27 08:00:00', '1', '2013-05-27 08:00:00', null, '0');
INSERT INTO `sys_dict` VALUES ('3', '1', '显示', 'show_hide', '显示/隐藏', '10', '0', '1', '2013-05-27 08:00:00', '1', '2013-05-27 08:00:00', null, '0');
INSERT INTO `sys_dict` VALUES ('30', '3', '三级', 'sys_office_grade', '机构等级', '30', '0', '1', '2013-05-27 08:00:00', '1', '2013-05-27 08:00:00', null, '0');
INSERT INTO `sys_dict` VALUES ('31', '4', '四级', 'sys_office_grade', '机构等级', '40', '0', '1', '2013-05-27 08:00:00', '1', '2013-05-27 08:00:00', null, '0');
INSERT INTO `sys_dict` VALUES ('32', '1', '所有数据', 'sys_data_scope', '数据范围', '10', '0', '1', '2013-05-27 08:00:00', '1', '2013-05-27 08:00:00', null, '0');
INSERT INTO `sys_dict` VALUES ('33', '2', '所在公司及以下数据', 'sys_data_scope', '数据范围', '20', '0', '1', '2013-05-27 08:00:00', '1', '2013-05-27 08:00:00', null, '0');
INSERT INTO `sys_dict` VALUES ('34', '3', '所在公司数据', 'sys_data_scope', '数据范围', '30', '0', '1', '2013-05-27 08:00:00', '1', '2013-05-27 08:00:00', null, '0');
INSERT INTO `sys_dict` VALUES ('35', '4', '所在部门及以下数据', 'sys_data_scope', '数据范围', '40', '0', '1', '2013-05-27 08:00:00', '1', '2013-05-27 08:00:00', null, '0');
INSERT INTO `sys_dict` VALUES ('36', '5', '所在部门数据', 'sys_data_scope', '数据范围', '50', '0', '1', '2013-05-27 08:00:00', '1', '2013-05-27 08:00:00', null, '0');
INSERT INTO `sys_dict` VALUES ('37', '8', '仅本人数据', 'sys_data_scope', '数据范围', '90', '0', '1', '2013-05-27 08:00:00', '1', '2013-05-27 08:00:00', null, '0');
INSERT INTO `sys_dict` VALUES ('38', '9', '按明细设置', 'sys_data_scope', '数据范围', '100', '0', '1', '2013-05-27 08:00:00', '1', '2013-05-27 08:00:00', null, '0');
INSERT INTO `sys_dict` VALUES ('39', '1', '系统管理', 'sys_user_type', '用户类型', '10', '0', '1', '2013-05-27 08:00:00', '1', '2013-05-27 08:00:00', null, '0');
INSERT INTO `sys_dict` VALUES ('4', '0', '隐藏', 'show_hide', '显示/隐藏', '20', '0', '1', '2013-05-27 08:00:00', '1', '2013-05-27 08:00:00', null, '0');
INSERT INTO `sys_dict` VALUES ('40', '2', '部门经理', 'sys_user_type', '用户类型', '20', '0', '1', '2013-05-27 08:00:00', '1', '2013-05-27 08:00:00', null, '0');
INSERT INTO `sys_dict` VALUES ('41', '3', '普通用户', 'sys_user_type', '用户类型', '30', '0', '1', '2013-05-27 08:00:00', '1', '2013-05-27 08:00:00', null, '0');
INSERT INTO `sys_dict` VALUES ('42', 'basic', '基础主题', 'cms_theme', '站点主题', '10', '0', '1', '2013-05-27 08:00:00', '1', '2013-05-27 08:00:00', null, '0');
INSERT INTO `sys_dict` VALUES ('45', 'article', '文章模型', 'cms_module', '栏目模型', '10', '0', '1', '2013-05-27 08:00:00', '1', '2013-05-27 08:00:00', null, '0');
INSERT INTO `sys_dict` VALUES ('48', 'link', '链接模型', 'cms_module', '栏目模型', '40', '0', '1', '2013-05-27 08:00:00', '1', '2013-05-27 08:00:00', null, '0');
INSERT INTO `sys_dict` VALUES ('5', '1', '是', 'yes_no', '是/否', '10', '0', '1', '2013-05-27 08:00:00', '1', '2013-05-27 08:00:00', null, '0');
INSERT INTO `sys_dict` VALUES ('50', '0', '默认展现方式', 'cms_show_modes', '展现方式', '10', '0', '1', '2013-05-27 08:00:00', '1', '2013-05-27 08:00:00', null, '0');
INSERT INTO `sys_dict` VALUES ('51', '1', '首栏目内容列表', 'cms_show_modes', '展现方式', '20', '0', '1', '2013-05-27 08:00:00', '1', '2013-05-27 08:00:00', null, '0');
INSERT INTO `sys_dict` VALUES ('52', '2', '栏目第一条内容', 'cms_show_modes', '展现方式', '30', '0', '1', '2013-05-27 08:00:00', '1', '2013-05-27 08:00:00', null, '0');
INSERT INTO `sys_dict` VALUES ('53', '0', '发布', 'cms_del_flag', '内容状态', '10', '0', '1', '2013-05-27 08:00:00', '1', '2013-05-27 08:00:00', null, '0');
INSERT INTO `sys_dict` VALUES ('54', '1', '删除', 'cms_del_flag', '内容状态', '20', '0', '1', '2013-05-27 08:00:00', '1', '2013-05-27 08:00:00', null, '0');
INSERT INTO `sys_dict` VALUES ('55', '2', '审核', 'cms_del_flag', '内容状态', '15', '0', '1', '2013-05-27 08:00:00', '1', '2013-05-27 08:00:00', null, '0');
INSERT INTO `sys_dict` VALUES ('56', '1', '首页焦点图', 'cms_posid', '推荐位', '10', '0', '1', '2013-05-27 08:00:00', '1', '2013-05-27 08:00:00', null, '0');
INSERT INTO `sys_dict` VALUES ('57', '2', '栏目页文章推荐', 'cms_posid', '推荐位', '20', '0', '1', '2013-05-27 08:00:00', '1', '2013-05-27 08:00:00', null, '0');
INSERT INTO `sys_dict` VALUES ('58', '1', '咨询', 'cms_guestbook', '留言板分类', '10', '0', '1', '2013-05-27 08:00:00', '1', '2013-05-27 08:00:00', null, '0');
INSERT INTO `sys_dict` VALUES ('59', '2', '建议', 'cms_guestbook', '留言板分类', '20', '0', '1', '2013-05-27 08:00:00', '1', '2013-05-27 08:00:00', null, '0');
INSERT INTO `sys_dict` VALUES ('6', '0', '否', 'yes_no', '是/否', '20', '0', '1', '2013-05-27 08:00:00', '1', '2013-05-27 08:00:00', null, '0');
INSERT INTO `sys_dict` VALUES ('60', '3', '投诉', 'cms_guestbook', '留言板分类', '30', '0', '1', '2013-05-27 08:00:00', '1', '2013-05-27 08:00:00', null, '0');
INSERT INTO `sys_dict` VALUES ('61', '4', '其它', 'cms_guestbook', '留言板分类', '40', '0', '1', '2013-05-27 08:00:00', '1', '2013-05-27 08:00:00', null, '0');
INSERT INTO `sys_dict` VALUES ('62', '1', '公休', 'oa_leave_type', '请假类型', '10', '0', '1', '2013-05-27 08:00:00', '1', '2013-05-27 08:00:00', null, '0');
INSERT INTO `sys_dict` VALUES ('63', '2', '病假', 'oa_leave_type', '请假类型', '20', '0', '1', '2013-05-27 08:00:00', '1', '2013-05-27 08:00:00', null, '0');
INSERT INTO `sys_dict` VALUES ('64', '3', '事假', 'oa_leave_type', '请假类型', '30', '0', '1', '2013-05-27 08:00:00', '1', '2013-05-27 08:00:00', null, '0');
INSERT INTO `sys_dict` VALUES ('65', '4', '调休', 'oa_leave_type', '请假类型', '40', '0', '1', '2013-05-27 08:00:00', '1', '2013-05-27 08:00:00', null, '0');
INSERT INTO `sys_dict` VALUES ('66', '5', '婚假', 'oa_leave_type', '请假类型', '60', '0', '1', '2013-05-27 08:00:00', '1', '2013-05-27 08:00:00', null, '0');
INSERT INTO `sys_dict` VALUES ('67', '1', '接入日志', 'sys_log_type', '日志类型', '30', '0', '1', '2013-06-03 08:00:00', '1', '2013-06-03 08:00:00', null, '0');
INSERT INTO `sys_dict` VALUES ('68', '2', '异常日志', 'sys_log_type', '日志类型', '40', '0', '1', '2013-06-03 08:00:00', '1', '2013-06-03 08:00:00', null, '0');
INSERT INTO `sys_dict` VALUES ('69', 'leave', '请假流程', 'act_type', '流程类型', '10', '0', '1', '2013-06-03 08:00:00', '1', '2013-06-03 08:00:00', null, '0');
INSERT INTO `sys_dict` VALUES ('7', 'red', '红色', 'color', '颜色值', '10', '0', '1', '2013-05-27 08:00:00', '1', '2013-05-27 08:00:00', null, '0');
INSERT INTO `sys_dict` VALUES ('70', 'test_audit', '审批测试流程', 'act_type', '流程类型', '20', '0', '1', '2013-06-03 08:00:00', '1', '2013-06-03 08:00:00', null, '0');
INSERT INTO `sys_dict` VALUES ('71', '1', '分类1', 'act_category', '流程分类', '10', '0', '1', '2013-06-03 08:00:00', '1', '2013-06-03 08:00:00', null, '0');
INSERT INTO `sys_dict` VALUES ('72', '2', '分类2', 'act_category', '流程分类', '20', '0', '1', '2013-06-03 08:00:00', '1', '2013-06-03 08:00:00', null, '0');
INSERT INTO `sys_dict` VALUES ('8', 'green', '绿色', 'color', '颜色值', '20', '0', '1', '2013-05-27 08:00:00', '1', '2013-05-27 08:00:00', null, '0');
INSERT INTO `sys_dict` VALUES ('9', 'blue', '蓝色', 'color', '颜色值', '30', '0', '1', '2013-05-27 08:00:00', '1', '2013-05-27 08:00:00', null, '0');
INSERT INTO `sys_dict` VALUES ('96', '1', '男', 'sex', '性别', '10', '0', '1', '2013-10-28 08:00:00', '1', '2013-10-28 08:00:00', null, '0');
INSERT INTO `sys_dict` VALUES ('97', '2', '女', 'sex', '性别', '20', '0', '1', '2013-10-28 08:00:00', '1', '2013-10-28 08:00:00', null, '0');

-- ----------------------------
-- Table structure for sys_log
-- ----------------------------
DROP TABLE IF EXISTS `sys_log`;
CREATE TABLE `sys_log` (
  `id` varchar(64) NOT NULL COMMENT '编号',
  `type` char(1) DEFAULT '1' COMMENT '日志类型',
  `title` varchar(255) DEFAULT '' COMMENT '日志标题',
  `create_by` varchar(64) DEFAULT NULL COMMENT '创建者',
  `create_date` datetime DEFAULT NULL COMMENT '创建时间',
  `remote_addr` varchar(255) DEFAULT NULL COMMENT '操作IP地址',
  `user_agent` varchar(255) DEFAULT NULL COMMENT '用户代理',
  `request_uri` varchar(255) DEFAULT NULL COMMENT '请求URI',
  `method` varchar(5) DEFAULT NULL COMMENT '操作方式',
  `params` text COMMENT '操作提交的数据',
  `exception` text COMMENT '异常信息',
  PRIMARY KEY (`id`),
  KEY `sys_log_create_by` (`create_by`) USING BTREE,
  KEY `sys_log_request_uri` (`request_uri`) USING BTREE,
  KEY `sys_log_type` (`type`) USING BTREE,
  KEY `sys_log_create_date` (`create_date`) USING BTREE
) ENGINE=InnoDB DEFAULT CHARSET=utf8 COMMENT='日志表';

-- ----------------------------
-- Records of sys_log
-- ----------------------------

-- ----------------------------
-- Table structure for sys_menu
-- ----------------------------
DROP TABLE IF EXISTS `sys_menu`;
CREATE TABLE `sys_menu` (
  `id` varchar(64) NOT NULL COMMENT '编号',
  `parent_id` varchar(64) NOT NULL COMMENT '父级编号',
  `parent_ids` varchar(2000) NOT NULL COMMENT '所有父级编号',
  `name` varchar(100) NOT NULL COMMENT '名称',
  `level_index` decimal(10,0) NOT NULL COMMENT '所在层级',
  `sort` decimal(10,0) NOT NULL COMMENT '排序',
  `href` varchar(2000) DEFAULT NULL COMMENT '链接',
  `target` varchar(20) DEFAULT NULL COMMENT '目标',
  `icon` varchar(100) DEFAULT NULL COMMENT '图标',
  `is_show` char(1) NOT NULL COMMENT '是否在菜单中显示',
  `permission` varchar(200) DEFAULT NULL COMMENT '权限标识',
  `create_by` varchar(64) NOT NULL COMMENT '创建者',
  `create_date` datetime NOT NULL COMMENT '创建时间',
  `update_by` varchar(64) NOT NULL COMMENT '更新者',
  `update_date` datetime NOT NULL COMMENT '更新时间',
  `remarks` varchar(255) DEFAULT NULL COMMENT '备注信息',
  `del_flag` char(1) NOT NULL DEFAULT '0' COMMENT '删除标记',
  PRIMARY KEY (`id`),
  KEY `sys_menu_parent_id` (`parent_id`) USING BTREE,
  KEY `sys_menu_del_flag` (`del_flag`) USING BTREE
) ENGINE=InnoDB DEFAULT CHARSET=utf8 COMMENT='菜单表';

-- ----------------------------
-- Records of sys_menu
-- ----------------------------
INSERT INTO `sys_menu` VALUES ('0b2ebd4d639e4c2b83c2dd0764522f24', 'ba8092291b40482db8fe7fc006ea3d76', '0,1,79,3c92c17886944d0687e73e286cada573,ba8092291b40482db8fe7fc006ea3d76,', '编辑', '0', '60', '', '', '', '0', 'test:testData:edit', '1', '2013-08-12 13:10:05', '1', '2013-08-12 13:10:05', '', '0');
INSERT INTO `sys_menu` VALUES ('0ca004d6b1bf4bcab9670a5060d82a55', '3c92c17886944d0687e73e286cada573', '0,1,79,3c92c17886944d0687e73e286cada573,', '树结构', '0', '90', '/test/testTree', '', '', '1', '', '1', '2013-08-12 13:10:05', '1', '2013-08-12 13:10:05', '', '0');
INSERT INTO `sys_menu` VALUES ('1', '0', '0,', '功能菜单', '0', '0', null, null, null, '1', null, '1', '2013-05-27 08:00:00', '1', '2013-05-27 08:00:00', null, '0');
INSERT INTO `sys_menu` VALUES ('10', '3', '0,1,2,3,', '字典管理', '0', '60', '/sys/dict/', null, 'th-list', '1', null, '1', '2013-05-27 08:00:00', '1', '2013-05-27 08:00:00', null, '0');
INSERT INTO `sys_menu` VALUES ('11', '10', '0,1,2,3,10,', '查看', '0', '30', null, null, null, '0', 'sys:dict:view', '1', '2013-05-27 08:00:00', '1', '2013-05-27 08:00:00', null, '0');
INSERT INTO `sys_menu` VALUES ('12', '10', '0,1,2,3,10,', '修改', '0', '40', null, null, null, '0', 'sys:dict:edit', '1', '2013-05-27 08:00:00', '1', '2013-05-27 08:00:00', null, '0');
INSERT INTO `sys_menu` VALUES ('13', '2', '0,1,2,', '机构用户', '0', '970', null, null, null, '1', null, '1', '2013-05-27 08:00:00', '1', '2013-05-27 08:00:00', null, '0');
INSERT INTO `sys_menu` VALUES ('14', '13', '0,1,2,13,', '区域管理', '0', '50', '/sys/area/', null, 'th', '1', null, '1', '2013-05-27 08:00:00', '1', '2013-05-27 08:00:00', null, '0');
INSERT INTO `sys_menu` VALUES ('15', '14', '0,1,2,13,14,', '查看', '0', '30', null, null, null, '0', 'sys:area:view', '1', '2013-05-27 08:00:00', '1', '2013-05-27 08:00:00', null, '0');
INSERT INTO `sys_menu` VALUES ('16', '14', '0,1,2,13,14,', '修改', '0', '40', null, null, null, '0', 'sys:area:edit', '1', '2013-05-27 08:00:00', '1', '2013-05-27 08:00:00', null, '0');
INSERT INTO `sys_menu` VALUES ('17', '13', '0,1,2,13,', '机构管理', '0', '40', '/sys/office/', null, 'th-large', '1', null, '1', '2013-05-27 08:00:00', '1', '2013-05-27 08:00:00', null, '0');
INSERT INTO `sys_menu` VALUES ('18', '17', '0,1,2,13,17,', '查看', '0', '30', null, null, null, '0', 'sys:office:view', '1', '2013-05-27 08:00:00', '1', '2013-05-27 08:00:00', null, '0');
INSERT INTO `sys_menu` VALUES ('19', '17', '0,1,2,13,17,', '修改', '0', '40', null, null, null, '0', 'sys:office:edit', '1', '2013-05-27 08:00:00', '1', '2013-05-27 08:00:00', null, '0');
INSERT INTO `sys_menu` VALUES ('2', '1', '0,1,', '系统配置', '0', '900', null, null, null, '1', null, '1', '2013-05-27 08:00:00', '1', '2013-05-27 08:00:00', null, '0');
INSERT INTO `sys_menu` VALUES ('20', '13', '0,1,2,13,', '用户管理', '0', '30', '/sys/user/index', null, 'user', '1', null, '1', '2013-05-27 08:00:00', '1', '2013-05-27 08:00:00', null, '0');
INSERT INTO `sys_menu` VALUES ('21', '20', '0,1,2,13,20,', '查看', '0', '30', null, null, null, '0', 'sys:user:view', '1', '2013-05-27 08:00:00', '1', '2013-05-27 08:00:00', null, '0');
INSERT INTO `sys_menu` VALUES ('22', '20', '0,1,2,13,20,', '修改', '0', '40', null, null, null, '0', 'sys:user:edit', '1', '2013-05-27 08:00:00', '1', '2013-05-27 08:00:00', null, '0');
INSERT INTO `sys_menu` VALUES ('27', '1', '0,1,', '我的面板', '0', '100', '', '', '', '1', '', '1', '2013-05-27 08:00:00', '1', '2015-12-28 15:46:32', '', '0');
INSERT INTO `sys_menu` VALUES ('28', '27', '0,1,27,', '个人信息', '0', '30', null, null, null, '1', null, '1', '2013-05-27 08:00:00', '1', '2013-05-27 08:00:00', null, '0');
INSERT INTO `sys_menu` VALUES ('29', '28', '0,1,27,28,', '个人信息', '0', '30', '/sys/user/info', null, 'user', '1', null, '1', '2013-05-27 08:00:00', '1', '2013-05-27 08:00:00', null, '0');
INSERT INTO `sys_menu` VALUES ('3', '2', '0,1,2,', '系统设置', '0', '980', null, null, null, '1', null, '1', '2013-05-27 08:00:00', '1', '2013-05-27 08:00:00', null, '0');
INSERT INTO `sys_menu` VALUES ('30', '28', '0,1,27,28,', '修改密码', '0', '40', '/sys/user/modifyPwd', null, 'lock', '1', null, '1', '2013-05-27 08:00:00', '1', '2013-05-27 08:00:00', null, '0');
INSERT INTO `sys_menu` VALUES ('31', '1', '0,1,', '内容管理', '0', '500', null, null, null, '1', null, '1', '2013-05-27 08:00:00', '1', '2013-05-27 08:00:00', null, '0');
INSERT INTO `sys_menu` VALUES ('32', '31', '0,1,31,', '栏目设置', '0', '990', null, null, null, '1', null, '1', '2013-05-27 08:00:00', '1', '2013-05-27 08:00:00', null, '0');
INSERT INTO `sys_menu` VALUES ('33', '32', '0,1,31,32', '栏目管理', '0', '30', '/cms/category/', null, 'align-justify', '1', null, '1', '2013-05-27 08:00:00', '1', '2013-05-27 08:00:00', null, '0');
INSERT INTO `sys_menu` VALUES ('34', '33', '0,1,31,32,33,', '查看', '0', '30', null, null, null, '0', 'cms:category:view', '1', '2013-05-27 08:00:00', '1', '2013-05-27 08:00:00', null, '0');
INSERT INTO `sys_menu` VALUES ('35', '33', '0,1,31,32,33,', '修改', '0', '40', null, null, null, '0', 'cms:category:edit', '1', '2013-05-27 08:00:00', '1', '2013-05-27 08:00:00', null, '0');
INSERT INTO `sys_menu` VALUES ('36', '32', '0,1,31,32', '站点设置', '0', '40', '/cms/site/', null, 'certificate', '1', null, '1', '2013-05-27 08:00:00', '1', '2013-05-27 08:00:00', null, '0');
INSERT INTO `sys_menu` VALUES ('37', '36', '0,1,31,32,36,', '查看', '0', '30', null, null, null, '0', 'cms:site:view', '1', '2013-05-27 08:00:00', '1', '2013-05-27 08:00:00', null, '0');
INSERT INTO `sys_menu` VALUES ('38', '36', '0,1,31,32,36,', '修改', '0', '40', null, null, null, '0', 'cms:site:edit', '1', '2013-05-27 08:00:00', '1', '2013-05-27 08:00:00', null, '0');
INSERT INTO `sys_menu` VALUES ('39', '32', '0,1,31,32', '切换站点', '0', '50', '/cms/site/select', null, 'retweet', '1', 'cms:site:select', '1', '2013-05-27 08:00:00', '1', '2013-05-27 08:00:00', null, '0');
INSERT INTO `sys_menu` VALUES ('3c92c17886944d0687e73e286cada573', '79', '0,1,79,', '生成示例', '0', '120', '', '', '', '1', '', '1', '2013-08-12 13:10:05', '1', '2013-08-12 13:10:05', '', '0');
INSERT INTO `sys_menu` VALUES ('4', '3', '0,1,2,3,', '菜单管理', '0', '30', '/sys/menu/', null, 'list-alt', '1', null, '1', '2013-05-27 08:00:00', '1', '2013-05-27 08:00:00', null, '0');
INSERT INTO `sys_menu` VALUES ('40', '31', '0,1,31,', '内容管理', '0', '500', null, null, null, '1', 'cms:view', '1', '2013-05-27 08:00:00', '1', '2013-05-27 08:00:00', null, '0');
INSERT INTO `sys_menu` VALUES ('41', '40', '0,1,31,40,', '内容发布', '0', '30', '/cms/', null, 'briefcase', '1', null, '1', '2013-05-27 08:00:00', '1', '2013-05-27 08:00:00', null, '0');
INSERT INTO `sys_menu` VALUES ('42', '41', '0,1,31,40,41,', '文章模型', '0', '40', '/cms/article/', null, 'file', '0', null, '1', '2013-05-27 08:00:00', '1', '2013-05-27 08:00:00', null, '0');
INSERT INTO `sys_menu` VALUES ('43', '42', '0,1,31,40,41,42,', '查看', '0', '30', null, null, null, '0', 'cms:article:view', '1', '2013-05-27 08:00:00', '1', '2013-05-27 08:00:00', null, '0');
INSERT INTO `sys_menu` VALUES ('44', '42', '0,1,31,40,41,42,', '修改', '0', '40', null, null, null, '0', 'cms:article:edit', '1', '2013-05-27 08:00:00', '1', '2013-05-27 08:00:00', null, '0');
INSERT INTO `sys_menu` VALUES ('45', '42', '0,1,31,40,41,42,', '审核', '0', '50', null, null, null, '0', 'cms:article:audit', '1', '2013-05-27 08:00:00', '1', '2013-05-27 08:00:00', null, '0');
INSERT INTO `sys_menu` VALUES ('46', '41', '0,1,31,40,41,', '链接模型', '0', '60', '/cms/link/', null, 'random', '0', null, '1', '2013-05-27 08:00:00', '1', '2013-05-27 08:00:00', null, '0');
INSERT INTO `sys_menu` VALUES ('47', '46', '0,1,31,40,41,46,', '查看', '0', '30', null, null, null, '0', 'cms:link:view', '1', '2013-05-27 08:00:00', '1', '2013-05-27 08:00:00', null, '0');
INSERT INTO `sys_menu` VALUES ('48', '46', '0,1,31,40,41,46,', '修改', '0', '40', null, null, null, '0', 'cms:link:edit', '1', '2013-05-27 08:00:00', '1', '2013-05-27 08:00:00', null, '0');
INSERT INTO `sys_menu` VALUES ('4855cf3b25c244fb8500a380db189d97', 'b1f6d1b86ba24365bae7fd86c5082317', '0,1,79,3c92c17886944d0687e73e286cada573,b1f6d1b86ba24365bae7fd86c5082317,', '查看', '0', '30', '', '', '', '0', 'test:testDataMain:view', '1', '2013-08-12 13:10:05', '1', '2013-08-12 13:10:05', '', '0');
INSERT INTO `sys_menu` VALUES ('49', '46', '0,1,31,40,41,46,', '审核', '0', '50', null, null, null, '0', 'cms:link:audit', '1', '2013-05-27 08:00:00', '1', '2013-05-27 08:00:00', null, '0');
INSERT INTO `sys_menu` VALUES ('5', '4', '0,1,2,3,4,', '查看', '0', '30', null, null, null, '0', 'sys:menu:view', '1', '2013-05-27 08:00:00', '1', '2013-05-27 08:00:00', null, '0');
INSERT INTO `sys_menu` VALUES ('50', '40', '0,1,31,40,', '评论管理', '0', '40', '/cms/comment/?status=2', null, 'comment', '1', null, '1', '2013-05-27 08:00:00', '1', '2013-05-27 08:00:00', null, '0');
INSERT INTO `sys_menu` VALUES ('51', '50', '0,1,31,40,50,', '查看', '0', '30', null, null, null, '0', 'cms:comment:view', '1', '2013-05-27 08:00:00', '1', '2013-05-27 08:00:00', null, '0');
INSERT INTO `sys_menu` VALUES ('52', '50', '0,1,31,40,50,', '审核', '0', '40', null, null, null, '0', 'cms:comment:edit', '1', '2013-05-27 08:00:00', '1', '2013-05-27 08:00:00', null, '0');
INSERT INTO `sys_menu` VALUES ('53', '40', '0,1,31,40,', '公共留言', '0', '80', '/cms/guestbook/?status=2', null, 'glass', '1', null, '1', '2013-05-27 08:00:00', '1', '2013-05-27 08:00:00', null, '0');
INSERT INTO `sys_menu` VALUES ('54', '53', '0,1,31,40,53,', '查看', '0', '30', null, null, null, '0', 'cms:guestbook:view', '1', '2013-05-27 08:00:00', '1', '2013-05-27 08:00:00', null, '0');
INSERT INTO `sys_menu` VALUES ('55', '53', '0,1,31,40,53,', '审核', '0', '40', null, null, null, '0', 'cms:guestbook:edit', '1', '2013-05-27 08:00:00', '1', '2013-05-27 08:00:00', null, '0');
INSERT INTO `sys_menu` VALUES ('56', '71', '0,1,27,71,', '文件管理', '0', '90', '/../static/ckfinder/ckfinder.html', null, 'folder-open', '1', null, '1', '2013-05-27 08:00:00', '1', '2013-05-27 08:00:00', null, '0');
INSERT INTO `sys_menu` VALUES ('57', '56', '0,1,27,40,56,', '查看', '0', '30', null, null, null, '0', 'cms:ckfinder:view', '1', '2013-05-27 08:00:00', '1', '2013-05-27 08:00:00', null, '0');
INSERT INTO `sys_menu` VALUES ('58', '56', '0,1,27,40,56,', '上传', '0', '40', null, null, null, '0', 'cms:ckfinder:upload', '1', '2013-05-27 08:00:00', '1', '2013-05-27 08:00:00', null, '0');
INSERT INTO `sys_menu` VALUES ('59', '56', '0,1,27,40,56,', '修改', '0', '50', null, null, null, '0', 'cms:ckfinder:edit', '1', '2013-05-27 08:00:00', '1', '2013-05-27 08:00:00', null, '0');
INSERT INTO `sys_menu` VALUES ('6', '4', '0,1,2,3,4,', '修改', '0', '40', null, null, null, '0', 'sys:menu:edit', '1', '2013-05-27 08:00:00', '1', '2013-05-27 08:00:00', null, '0');
INSERT INTO `sys_menu` VALUES ('60', '31', '0,1,31,', '统计分析', '0', '600', null, null, null, '1', null, '1', '2013-05-27 08:00:00', '1', '2013-05-27 08:00:00', null, '0');
INSERT INTO `sys_menu` VALUES ('61', '60', '0,1,31,60,', '信息量统计', '0', '30', '/cms/stats/article', null, 'tasks', '1', 'cms:stats:article', '1', '2013-05-27 08:00:00', '1', '2013-05-27 08:00:00', null, '0');
INSERT INTO `sys_menu` VALUES ('67', '2', '0,1,2,', '日志查询', '0', '985', null, null, null, '1', null, '1', '2013-06-03 08:00:00', '1', '2013-06-03 08:00:00', null, '0');
INSERT INTO `sys_menu` VALUES ('68', '67', '0,1,2,67,', '日志查询', '0', '30', '/sys/log', null, 'pencil', '1', 'sys:log:view', '1', '2013-06-03 08:00:00', '1', '2013-06-03 08:00:00', null, '0');
INSERT INTO `sys_menu` VALUES ('7', '3', '0,1,2,3,', '角色管理', '0', '50', '/sys/role/', null, 'lock', '1', null, '1', '2013-05-27 08:00:00', '1', '2013-05-27 08:00:00', null, '0');
INSERT INTO `sys_menu` VALUES ('71', '27', '0,1,27,', '文件管理', '0', '90', null, null, null, '1', null, '1', '2013-05-27 08:00:00', '1', '2013-05-27 08:00:00', null, '0');
INSERT INTO `sys_menu` VALUES ('79', '1', '0,1,', '代码生成', '0', '5000', null, null, null, '1', null, '1', '2013-10-16 08:00:00', '1', '2013-10-16 08:00:00', null, '0');
INSERT INTO `sys_menu` VALUES ('8', '7', '0,1,2,3,7,', '查看', '0', '30', null, null, null, '0', 'sys:role:view', '1', '2013-05-27 08:00:00', '1', '2013-05-27 08:00:00', null, '0');
INSERT INTO `sys_menu` VALUES ('80', '79', '0,1,79,', '代码生成', '0', '50', null, null, null, '1', null, '1', '2013-10-16 08:00:00', '1', '2013-10-16 08:00:00', null, '0');
INSERT INTO `sys_menu` VALUES ('81', '80', '0,1,79,80,', '生成方案配置', '0', '30', '/gen/genScheme', null, null, '1', 'gen:genScheme:view,gen:genScheme:edit', '1', '2013-10-16 08:00:00', '1', '2013-10-16 08:00:00', null, '0');
INSERT INTO `sys_menu` VALUES ('82', '80', '0,1,79,80,', '业务表配置', '0', '20', '/gen/genTable', null, null, '1', 'gen:genTable:view,gen:genTable:edit,gen:genTableColumn:view,gen:genTableColumn:edit', '1', '2013-10-16 08:00:00', '1', '2013-10-16 08:00:00', null, '0');
INSERT INTO `sys_menu` VALUES ('84', '67', '0,1,2,67,', '连接池监视', '0', '40', '/../druid', null, null, '1', null, '1', '2013-10-18 08:00:00', '1', '2013-10-18 08:00:00', null, '0');
INSERT INTO `sys_menu` VALUES ('85', '76', '0,1,75,76,', '行政区域', '0', '80', '/../static/map/map-city.html', null, null, '1', null, '1', '2013-10-22 08:00:00', '1', '2013-10-22 08:00:00', null, '0');
INSERT INTO `sys_menu` VALUES ('9', '7', '0,1,2,3,7,', '修改', '0', '40', null, null, null, '0', 'sys:role:edit', '1', '2013-05-27 08:00:00', '1', '2013-05-27 08:00:00', null, '0');
INSERT INTO `sys_menu` VALUES ('afab2db430e2457f9cf3a11feaa8b869', '0ca004d6b1bf4bcab9670a5060d82a55', '0,1,79,3c92c17886944d0687e73e286cada573,0ca004d6b1bf4bcab9670a5060d82a55,', '编辑', '0', '60', '', '', '', '0', 'test:testTree:edit', '1', '2013-08-12 13:10:05', '1', '2013-08-12 13:10:05', '', '0');
INSERT INTO `sys_menu` VALUES ('b1f6d1b86ba24365bae7fd86c5082317', '3c92c17886944d0687e73e286cada573', '0,1,79,3c92c17886944d0687e73e286cada573,', '主子表', '0', '60', '/test/testDataMain', '', '', '1', '', '1', '2013-08-12 13:10:05', '1', '2013-08-12 13:10:05', '', '0');
INSERT INTO `sys_menu` VALUES ('ba8092291b40482db8fe7fc006ea3d76', '3c92c17886944d0687e73e286cada573', '0,1,79,3c92c17886944d0687e73e286cada573,', '单表', '0', '30', '/test/testData', '', '', '1', '', '1', '2013-08-12 13:10:05', '1', '2013-08-12 13:10:05', '', '0');
INSERT INTO `sys_menu` VALUES ('c2e4d9082a0b4386884a0b203afe2c5c', '0ca004d6b1bf4bcab9670a5060d82a55', '0,1,79,3c92c17886944d0687e73e286cada573,0ca004d6b1bf4bcab9670a5060d82a55,', '查看', '0', '30', '', '', '', '0', 'test:testTree:view', '1', '2013-08-12 13:10:05', '1', '2013-08-12 13:10:05', '', '0');
INSERT INTO `sys_menu` VALUES ('d15ec45a4c5449c3bbd7a61d5f9dd1d2', 'b1f6d1b86ba24365bae7fd86c5082317', '0,1,79,3c92c17886944d0687e73e286cada573,b1f6d1b86ba24365bae7fd86c5082317,', '编辑', '0', '60', '', '', '', '0', 'test:testDataMain:edit', '1', '2013-08-12 13:10:05', '1', '2013-08-12 13:10:05', '', '0');
INSERT INTO `sys_menu` VALUES ('df7ce823c5b24ff9bada43d992f373e2', 'ba8092291b40482db8fe7fc006ea3d76', '0,1,79,3c92c17886944d0687e73e286cada573,ba8092291b40482db8fe7fc006ea3d76,', '查看', '0', '30', '', '', '', '0', 'test:testData:view', '1', '2013-08-12 13:10:05', '1', '2013-08-12 13:10:05', '', '0');

-- ----------------------------
-- Table structure for sys_muldict
-- ----------------------------
DROP TABLE IF EXISTS `sys_muldict`;
CREATE TABLE `sys_muldict` (
  `id` varchar(64) NOT NULL COMMENT '编号',
  `parent_id` varchar(64) NOT NULL COMMENT '父级编号',
  `parent_ids` varchar(2000) NOT NULL COMMENT '所有父级编号',
  `name` varchar(100) NOT NULL COMMENT '名称',
  `level_index` decimal(10,0) NOT NULL COMMENT '所在层级',
  `sort` decimal(10,0) NOT NULL COMMENT '排序',
  `value` varchar(100) DEFAULT NULL COMMENT '值',
  `code` varchar(100) DEFAULT NULL COMMENT ' 编码',
  `create_by` varchar(64) NOT NULL COMMENT '创建者',
  `create_date` datetime NOT NULL COMMENT '创建时间',
  `update_by` varchar(64) NOT NULL COMMENT '更新者',
  `update_date` datetime NOT NULL COMMENT '更新时间',
  `remarks` varchar(255) DEFAULT NULL COMMENT '备注信息',
  `del_flag` char(1) NOT NULL DEFAULT '0' COMMENT '删除标记',
  PRIMARY KEY (`id`),
  KEY `sys_mdict_parent_id` (`parent_id`) USING BTREE,
  KEY `sys_mdict_del_flag` (`del_flag`) USING BTREE
) ENGINE=InnoDB DEFAULT CHARSET=utf8 COMMENT='多级字典表';

-- ----------------------------
-- Records of sys_muldict
-- ----------------------------

-- ----------------------------
-- Table structure for sys_office
-- ----------------------------
DROP TABLE IF EXISTS `sys_office`;
CREATE TABLE `sys_office` (
  `id` varchar(64) NOT NULL COMMENT '编号',
  `parent_id` varchar(64) NOT NULL COMMENT '父级编号',
  `parent_ids` varchar(2000) NOT NULL COMMENT '所有父级编号',
  `name` varchar(100) NOT NULL COMMENT '名称',
  `level_index` decimal(10,0) NOT NULL COMMENT '所在层级',
  `sort` decimal(10,0) NOT NULL COMMENT '排序',
  `area_id` varchar(64) NOT NULL COMMENT '归属区域',
  `code` varchar(100) DEFAULT NULL COMMENT '区域编码',
  `type` char(1) NOT NULL COMMENT '机构类型',
  `grade` char(1) NOT NULL COMMENT '机构等级',
  `address` varchar(255) DEFAULT NULL COMMENT '联系地址',
  `zip_code` varchar(100) DEFAULT NULL COMMENT '邮政编码',
  `master` varchar(100) DEFAULT NULL COMMENT '负责人',
  `phone` varchar(200) DEFAULT NULL COMMENT '电话',
  `fax` varchar(200) DEFAULT NULL COMMENT '传真',
  `email` varchar(200) DEFAULT NULL COMMENT '邮箱',
  `USEABLE` varchar(64) DEFAULT NULL COMMENT '是否启用',
  `PRIMARY_PERSON` varchar(64) DEFAULT NULL COMMENT '主负责人',
  `DEPUTY_PERSON` varchar(64) DEFAULT NULL COMMENT '副负责人',
  `create_by` varchar(64) NOT NULL COMMENT '创建者',
  `create_date` datetime NOT NULL COMMENT '创建时间',
  `update_by` varchar(64) NOT NULL COMMENT '更新者',
  `update_date` datetime NOT NULL COMMENT '更新时间',
  `remarks` varchar(255) DEFAULT NULL COMMENT '备注信息',
  `del_flag` char(1) NOT NULL DEFAULT '0' COMMENT '删除标记',
  PRIMARY KEY (`id`),
  KEY `sys_office_parent_id` (`parent_id`) USING BTREE,
  KEY `sys_office_del_flag` (`del_flag`) USING BTREE,
  KEY `sys_office_type` (`type`) USING BTREE
) ENGINE=InnoDB DEFAULT CHARSET=utf8 COMMENT='机构表';

-- ----------------------------
-- Records of sys_office
-- ----------------------------
INSERT INTO `sys_office` VALUES ('1', '0', '0,', '成都市总公司', '0', '10', '2', '100000', '1', '1', '', '', '', '', '', '', '1', '', '', '1', '2013-05-27 08:00:00', '1', '2015-11-06 18:12:27', '', '0');
INSERT INTO `sys_office` VALUES ('10', '7', '0,1,7,', '市场部', '0', '30', '3', '200003', '2', '2', null, null, null, null, null, null, '1', null, null, '1', '2013-05-27 08:00:00', '1', '2013-05-27 08:00:00', null, '0');
INSERT INTO `sys_office` VALUES ('11', '7', '0,1,7,', '技术部', '0', '40', '3', '200004', '2', '2', null, null, null, null, null, null, '1', null, null, '1', '2013-05-27 08:00:00', '1', '2013-05-27 08:00:00', null, '0');
INSERT INTO `sys_office` VALUES ('12', '1', '0,1,', '青羊分公司', '0', '0', '4', '201000', '1', '3', '', '', '', '', '', '', '1', '', '', '1', '2013-05-27 08:00:00', '1', '2015-11-06 18:14:30', '', '0');
INSERT INTO `sys_office` VALUES ('13', '12', '0,1,12,', '公司领导', '0', '10', '4', '201001', '2', '3', null, null, null, null, null, null, '1', null, null, '1', '2013-05-27 08:00:00', '1', '2013-05-27 08:00:00', null, '0');
INSERT INTO `sys_office` VALUES ('14', '12', '0,1,12,', '综合部', '0', '20', '4', '201002', '2', '3', null, null, null, null, null, null, '1', null, null, '1', '2013-05-27 08:00:00', '1', '2013-05-27 08:00:00', null, '0');
INSERT INTO `sys_office` VALUES ('15', '12', '0,1,12,', '市场部', '0', '30', '4', '201003', '2', '3', null, null, null, null, null, null, '1', null, null, '1', '2013-05-27 08:00:00', '1', '2013-05-27 08:00:00', null, '0');
INSERT INTO `sys_office` VALUES ('16', '12', '0,1,12,', '技术部', '0', '40', '4', '201004', '2', '3', null, null, null, null, null, null, '1', null, null, '1', '2013-05-27 08:00:00', '1', '2013-05-27 08:00:00', null, '0');
INSERT INTO `sys_office` VALUES ('17', '7', '0,1,7,', '武侯分公司代理', '0', '40', '5', '201010', '1', '3', '', '', '', '', '', '', '1', '', '', '1', '2013-05-27 08:00:00', '1', '2015-11-06 18:17:54', '', '0');
INSERT INTO `sys_office` VALUES ('18', '17', '0,1,7,17,', '公司领导', '0', '10', '5', '201011', '2', '3', null, null, null, null, null, null, '1', null, null, '1', '2013-05-27 08:00:00', '1', '2013-05-27 08:00:00', null, '0');
INSERT INTO `sys_office` VALUES ('19', '17', '0,1,7,17,', '综合部', '0', '20', '5', '201012', '2', '3', null, null, null, null, null, null, '1', null, null, '1', '2013-05-27 08:00:00', '1', '2013-05-27 08:00:00', null, '0');
INSERT INTO `sys_office` VALUES ('2', '1', '0,1,', '公司领导', '0', '10', '2', '100001', '2', '1', null, null, null, null, null, null, '1', null, null, '1', '2013-05-27 08:00:00', '1', '2013-05-27 08:00:00', null, '0');
INSERT INTO `sys_office` VALUES ('20', '17', '0,1,7,17,', '市场部', '0', '30', '5', '201013', '2', '3', null, null, null, null, null, null, '1', null, null, '1', '2013-05-27 08:00:00', '1', '2013-05-27 08:00:00', null, '0');
INSERT INTO `sys_office` VALUES ('21', '17', '0,1,7,17,', '技术部', '0', '40', '5', '201014', '2', '3', null, null, null, null, null, null, '1', null, null, '1', '2013-05-27 08:00:00', '1', '2013-05-27 08:00:00', null, '0');
INSERT INTO `sys_office` VALUES ('22', '1', '0,1,', '高新区分公司', '0', '50', '6', '201010', '1', '3', '', '', '', '', '', '', '1', '', '', '1', '2013-05-27 08:00:00', '1', '2015-11-06 18:16:36', '', '0');
INSERT INTO `sys_office` VALUES ('23', '22', '0,1,22,', '公司领导', '0', '10', '6', '201011', '2', '3', null, null, null, null, null, null, '1', null, null, '1', '2013-05-27 08:00:00', '1', '2013-05-27 08:00:00', null, '0');
INSERT INTO `sys_office` VALUES ('24', '22', '0,1,22,', '综合部', '0', '20', '6', '201012', '2', '3', null, null, null, null, null, null, '1', null, null, '1', '2013-05-27 08:00:00', '1', '2013-05-27 08:00:00', null, '0');
INSERT INTO `sys_office` VALUES ('25', '22', '0,1,22,', '市场部', '0', '30', '6', '201013', '2', '3', null, null, null, null, null, null, '1', null, null, '1', '2013-05-27 08:00:00', '1', '2013-05-27 08:00:00', null, '0');
INSERT INTO `sys_office` VALUES ('26', '22', '0,1,22,', '技术部', '0', '40', '6', '201014', '2', '3', null, null, null, null, null, null, '1', null, null, '1', '2013-05-27 08:00:00', '1', '2013-05-27 08:00:00', null, '0');
INSERT INTO `sys_office` VALUES ('3', '1', '0,1,', '综合部', '0', '20', '2', '100002', '2', '1', null, null, null, null, null, null, '1', null, null, '1', '2013-05-27 08:00:00', '1', '2013-05-27 08:00:00', null, '0');
INSERT INTO `sys_office` VALUES ('4', '1', '0,1,', '市场部', '0', '30', '2', '100003', '2', '1', null, null, null, null, null, null, '1', null, null, '1', '2013-05-27 08:00:00', '1', '2013-05-27 08:00:00', null, '0');
INSERT INTO `sys_office` VALUES ('5', '1', '0,1,', '技术部', '0', '40', '2', '100004', '2', '1', null, null, null, null, null, null, '1', null, null, '1', '2013-05-27 08:00:00', '1', '2013-05-27 08:00:00', null, '0');
INSERT INTO `sys_office` VALUES ('6', '1', '0,1,', '研发部', '0', '50', '2', '100005', '2', '1', null, null, null, null, null, null, '1', null, null, '1', '2013-05-27 08:00:00', '1', '2013-05-27 08:00:00', null, '0');
INSERT INTO `sys_office` VALUES ('7', '1', '0,1,', '武侯分公司', '0', '20', '5', '200000', '1', '2', '', '', '', '', '', '', '1', '', '', '1', '2013-05-27 08:00:00', '1', '2015-11-06 18:15:31', '', '0');
INSERT INTO `sys_office` VALUES ('8', '7', '0,1,7,', '公司领导', '0', '10', '3', '200001', '2', '2', null, null, null, null, null, null, '1', null, null, '1', '2013-05-27 08:00:00', '1', '2013-05-27 08:00:00', null, '0');
INSERT INTO `sys_office` VALUES ('9', '7', '0,1,7,', '综合部', '0', '20', '3', '200002', '2', '2', null, null, null, null, null, null, '1', null, null, '1', '2013-05-27 08:00:00', '1', '2013-05-27 08:00:00', null, '0');

-- ----------------------------
-- Table structure for sys_role
-- ----------------------------
DROP TABLE IF EXISTS `sys_role`;
CREATE TABLE `sys_role` (
  `id` varchar(64) NOT NULL COMMENT '编号',
  `office_id` varchar(64) DEFAULT NULL COMMENT '归属机构',
  `name` varchar(100) NOT NULL COMMENT '角色名称',
  `enname` varchar(255) DEFAULT NULL COMMENT '英文名称',
  `role_type` varchar(255) DEFAULT NULL COMMENT '角色类型',
  `data_scope` char(1) DEFAULT NULL COMMENT '数据范围',
  `is_sys` varchar(64) DEFAULT NULL COMMENT '是否系统数据',
  `useable` varchar(64) DEFAULT NULL COMMENT '是否可用',
  `create_by` varchar(64) NOT NULL COMMENT '创建者',
  `create_date` datetime NOT NULL COMMENT '创建时间',
  `update_by` varchar(64) NOT NULL COMMENT '更新者',
  `update_date` datetime NOT NULL COMMENT '更新时间',
  `remarks` varchar(255) DEFAULT NULL COMMENT '备注信息',
  `del_flag` char(1) NOT NULL DEFAULT '0' COMMENT '删除标记',
  PRIMARY KEY (`id`),
  KEY `sys_role_del_flag` (`del_flag`) USING BTREE,
  KEY `sys_role_enname` (`enname`) USING BTREE
) ENGINE=InnoDB DEFAULT CHARSET=utf8 COMMENT='角色表';

-- ----------------------------
-- Records of sys_role
-- ----------------------------
INSERT INTO `sys_role` VALUES ('1', '2', '系统管理员', 'dept', 'security-role', '1', '1', '1', '1', '2013-05-27 08:00:00', '1', '2016-01-04 18:09:03', '', '0');
INSERT INTO `sys_role` VALUES ('2', '2', '公司管理员', 'hr', 'assignment', '2', '1', '1', '1', '2013-05-27 08:00:00', '1', '2015-11-24 14:41:23', '', '0');
INSERT INTO `sys_role` VALUES ('3', '1', '本公司管理员', 'a', 'assignment', '3', null, '1', '1', '2013-05-27 08:00:00', '1', '2013-05-27 08:00:00', null, '0');
INSERT INTO `sys_role` VALUES ('4', '1', '部门管理员', 'b', 'assignment', '4', null, '1', '1', '2013-05-27 08:00:00', '1', '2013-05-27 08:00:00', null, '0');
INSERT INTO `sys_role` VALUES ('5', '1', '本部门管理员', 'c', 'assignment', '5', null, '1', '1', '2013-05-27 08:00:00', '1', '2013-05-27 08:00:00', null, '0');
INSERT INTO `sys_role` VALUES ('6', '2', '普通用户', 'd', 'assignment', '8', '1', '1', '1', '2013-05-27 08:00:00', '1', '2015-12-25 11:28:52', '', '0');
INSERT INTO `sys_role` VALUES ('7', '2', '成都市管理员', 'e', 'assignment', '9', '1', '1', '1', '2013-05-27 08:00:00', '1', '2015-12-23 17:22:27', '', '0');

-- ----------------------------
-- Table structure for sys_role_menu
-- ----------------------------
DROP TABLE IF EXISTS `sys_role_menu`;
CREATE TABLE `sys_role_menu` (
  `role_id` varchar(64) NOT NULL COMMENT '角色编号',
  `menu_id` varchar(64) NOT NULL COMMENT '菜单编号',
  PRIMARY KEY (`role_id`,`menu_id`),
  CONSTRAINT `sys_role_menu_ibfk_1` FOREIGN KEY (`role_id`) REFERENCES `sys_role` (`id`)
) ENGINE=InnoDB DEFAULT CHARSET=utf8 COMMENT='角色-菜单';

-- ----------------------------
-- Records of sys_role_menu
-- ----------------------------
INSERT INTO `sys_role_menu` VALUES ('1', '0b2ebd4d639e4c2b83c2dd0764522f24');
INSERT INTO `sys_role_menu` VALUES ('1', '0ca004d6b1bf4bcab9670a5060d82a55');
INSERT INTO `sys_role_menu` VALUES ('1', '1');
INSERT INTO `sys_role_menu` VALUES ('1', '10');
INSERT INTO `sys_role_menu` VALUES ('1', '11');
INSERT INTO `sys_role_menu` VALUES ('1', '12');
INSERT INTO `sys_role_menu` VALUES ('1', '13');
INSERT INTO `sys_role_menu` VALUES ('1', '14');
INSERT INTO `sys_role_menu` VALUES ('1', '15');
INSERT INTO `sys_role_menu` VALUES ('1', '16');
INSERT INTO `sys_role_menu` VALUES ('1', '17');
INSERT INTO `sys_role_menu` VALUES ('1', '18');
INSERT INTO `sys_role_menu` VALUES ('1', '19');
INSERT INTO `sys_role_menu` VALUES ('1', '2');
INSERT INTO `sys_role_menu` VALUES ('1', '20');
INSERT INTO `sys_role_menu` VALUES ('1', '21');
INSERT INTO `sys_role_menu` VALUES ('1', '22');
INSERT INTO `sys_role_menu` VALUES ('1', '27');
INSERT INTO `sys_role_menu` VALUES ('1', '28');
INSERT INTO `sys_role_menu` VALUES ('1', '29');
INSERT INTO `sys_role_menu` VALUES ('1', '3');
INSERT INTO `sys_role_menu` VALUES ('1', '30');
INSERT INTO `sys_role_menu` VALUES ('1', '31');
INSERT INTO `sys_role_menu` VALUES ('1', '32');
INSERT INTO `sys_role_menu` VALUES ('1', '33');
INSERT INTO `sys_role_menu` VALUES ('1', '34');
INSERT INTO `sys_role_menu` VALUES ('1', '35');
INSERT INTO `sys_role_menu` VALUES ('1', '36');
INSERT INTO `sys_role_menu` VALUES ('1', '37');
INSERT INTO `sys_role_menu` VALUES ('1', '38');
INSERT INTO `sys_role_menu` VALUES ('1', '39');
INSERT INTO `sys_role_menu` VALUES ('1', '3c92c17886944d0687e73e286cada573');
INSERT INTO `sys_role_menu` VALUES ('1', '4');
INSERT INTO `sys_role_menu` VALUES ('1', '40');
INSERT INTO `sys_role_menu` VALUES ('1', '41');
INSERT INTO `sys_role_menu` VALUES ('1', '42');
INSERT INTO `sys_role_menu` VALUES ('1', '43');
INSERT INTO `sys_role_menu` VALUES ('1', '44');
INSERT INTO `sys_role_menu` VALUES ('1', '45');
INSERT INTO `sys_role_menu` VALUES ('1', '46');
INSERT INTO `sys_role_menu` VALUES ('1', '47');
INSERT INTO `sys_role_menu` VALUES ('1', '48');
INSERT INTO `sys_role_menu` VALUES ('1', '4855cf3b25c244fb8500a380db189d97');
INSERT INTO `sys_role_menu` VALUES ('1', '49');
INSERT INTO `sys_role_menu` VALUES ('1', '5');
INSERT INTO `sys_role_menu` VALUES ('1', '50');
INSERT INTO `sys_role_menu` VALUES ('1', '51');
INSERT INTO `sys_role_menu` VALUES ('1', '52');
INSERT INTO `sys_role_menu` VALUES ('1', '53');
INSERT INTO `sys_role_menu` VALUES ('1', '54');
INSERT INTO `sys_role_menu` VALUES ('1', '55');
INSERT INTO `sys_role_menu` VALUES ('1', '56');
INSERT INTO `sys_role_menu` VALUES ('1', '57');
INSERT INTO `sys_role_menu` VALUES ('1', '58');
INSERT INTO `sys_role_menu` VALUES ('1', '59');
INSERT INTO `sys_role_menu` VALUES ('1', '6');
INSERT INTO `sys_role_menu` VALUES ('1', '60');
INSERT INTO `sys_role_menu` VALUES ('1', '61');
INSERT INTO `sys_role_menu` VALUES ('1', '62');
INSERT INTO `sys_role_menu` VALUES ('1', '63');
INSERT INTO `sys_role_menu` VALUES ('1', '64');
INSERT INTO `sys_role_menu` VALUES ('1', '65');
INSERT INTO `sys_role_menu` VALUES ('1', '66');
INSERT INTO `sys_role_menu` VALUES ('1', '67');
INSERT INTO `sys_role_menu` VALUES ('1', '68');
INSERT INTO `sys_role_menu` VALUES ('1', '69');
INSERT INTO `sys_role_menu` VALUES ('1', '7');
INSERT INTO `sys_role_menu` VALUES ('1', '70');
INSERT INTO `sys_role_menu` VALUES ('1', '71');
INSERT INTO `sys_role_menu` VALUES ('1', '72');
INSERT INTO `sys_role_menu` VALUES ('1', '73');
INSERT INTO `sys_role_menu` VALUES ('1', '73b9967d60f94e2aaf54f835a685e6ee');
INSERT INTO `sys_role_menu` VALUES ('1', '74');
INSERT INTO `sys_role_menu` VALUES ('1', '79');
INSERT INTO `sys_role_menu` VALUES ('1', '8');
INSERT INTO `sys_role_menu` VALUES ('1', '80');
INSERT INTO `sys_role_menu` VALUES ('1', '81');
INSERT INTO `sys_role_menu` VALUES ('1', '82');
INSERT INTO `sys_role_menu` VALUES ('1', '84');
INSERT INTO `sys_role_menu` VALUES ('1', '85');
INSERT INTO `sys_role_menu` VALUES ('1', '88');
INSERT INTO `sys_role_menu` VALUES ('1', '89');
INSERT INTO `sys_role_menu` VALUES ('1', '9');
INSERT INTO `sys_role_menu` VALUES ('1', '90');
INSERT INTO `sys_role_menu` VALUES ('1', '9f81ac63c8b24cc2b8de7dc07fafcc6b');
INSERT INTO `sys_role_menu` VALUES ('1', 'afab2db430e2457f9cf3a11feaa8b869');
INSERT INTO `sys_role_menu` VALUES ('1', 'b1f6d1b86ba24365bae7fd86c5082317');
INSERT INTO `sys_role_menu` VALUES ('1', 'ba8092291b40482db8fe7fc006ea3d76');
INSERT INTO `sys_role_menu` VALUES ('1', 'c2e4d9082a0b4386884a0b203afe2c5c');
INSERT INTO `sys_role_menu` VALUES ('1', 'd15ec45a4c5449c3bbd7a61d5f9dd1d2');
INSERT INTO `sys_role_menu` VALUES ('1', 'df7ce823c5b24ff9bada43d992f373e2');
INSERT INTO `sys_role_menu` VALUES ('1', 'eaa500216f614d86a7849706b2577142');
INSERT INTO `sys_role_menu` VALUES ('2', '1');
INSERT INTO `sys_role_menu` VALUES ('2', '10');
INSERT INTO `sys_role_menu` VALUES ('2', '11');
INSERT INTO `sys_role_menu` VALUES ('2', '12');
INSERT INTO `sys_role_menu` VALUES ('2', '13');
INSERT INTO `sys_role_menu` VALUES ('2', '14');
INSERT INTO `sys_role_menu` VALUES ('2', '15');
INSERT INTO `sys_role_menu` VALUES ('2', '16');
INSERT INTO `sys_role_menu` VALUES ('2', '17');
INSERT INTO `sys_role_menu` VALUES ('2', '18');
INSERT INTO `sys_role_menu` VALUES ('2', '19');
INSERT INTO `sys_role_menu` VALUES ('2', '2');
INSERT INTO `sys_role_menu` VALUES ('2', '20');
INSERT INTO `sys_role_menu` VALUES ('2', '21');
INSERT INTO `sys_role_menu` VALUES ('2', '22');
INSERT INTO `sys_role_menu` VALUES ('2', '23');
INSERT INTO `sys_role_menu` VALUES ('2', '24');
INSERT INTO `sys_role_menu` VALUES ('2', '27');
INSERT INTO `sys_role_menu` VALUES ('2', '28');
INSERT INTO `sys_role_menu` VALUES ('2', '29');
INSERT INTO `sys_role_menu` VALUES ('2', '3');
INSERT INTO `sys_role_menu` VALUES ('2', '30');
INSERT INTO `sys_role_menu` VALUES ('2', '31');
INSERT INTO `sys_role_menu` VALUES ('2', '32');
INSERT INTO `sys_role_menu` VALUES ('2', '33');
INSERT INTO `sys_role_menu` VALUES ('2', '34');
INSERT INTO `sys_role_menu` VALUES ('2', '35');
INSERT INTO `sys_role_menu` VALUES ('2', '36');
INSERT INTO `sys_role_menu` VALUES ('2', '37');
INSERT INTO `sys_role_menu` VALUES ('2', '38');
INSERT INTO `sys_role_menu` VALUES ('2', '39');
INSERT INTO `sys_role_menu` VALUES ('2', '4');
INSERT INTO `sys_role_menu` VALUES ('2', '40');
INSERT INTO `sys_role_menu` VALUES ('2', '41');
INSERT INTO `sys_role_menu` VALUES ('2', '42');
INSERT INTO `sys_role_menu` VALUES ('2', '43');
INSERT INTO `sys_role_menu` VALUES ('2', '44');
INSERT INTO `sys_role_menu` VALUES ('2', '45');
INSERT INTO `sys_role_menu` VALUES ('2', '46');
INSERT INTO `sys_role_menu` VALUES ('2', '47');
INSERT INTO `sys_role_menu` VALUES ('2', '48');
INSERT INTO `sys_role_menu` VALUES ('2', '49');
INSERT INTO `sys_role_menu` VALUES ('2', '5');
INSERT INTO `sys_role_menu` VALUES ('2', '50');
INSERT INTO `sys_role_menu` VALUES ('2', '51');
INSERT INTO `sys_role_menu` VALUES ('2', '52');
INSERT INTO `sys_role_menu` VALUES ('2', '53');
INSERT INTO `sys_role_menu` VALUES ('2', '54');
INSERT INTO `sys_role_menu` VALUES ('2', '55');
INSERT INTO `sys_role_menu` VALUES ('2', '56');
INSERT INTO `sys_role_menu` VALUES ('2', '57');
INSERT INTO `sys_role_menu` VALUES ('2', '58');
INSERT INTO `sys_role_menu` VALUES ('2', '59');
INSERT INTO `sys_role_menu` VALUES ('2', '6');
INSERT INTO `sys_role_menu` VALUES ('2', '60');
INSERT INTO `sys_role_menu` VALUES ('2', '61');
INSERT INTO `sys_role_menu` VALUES ('2', '62');
INSERT INTO `sys_role_menu` VALUES ('2', '63');
INSERT INTO `sys_role_menu` VALUES ('2', '64');
INSERT INTO `sys_role_menu` VALUES ('2', '65');
INSERT INTO `sys_role_menu` VALUES ('2', '66');
INSERT INTO `sys_role_menu` VALUES ('2', '67');
INSERT INTO `sys_role_menu` VALUES ('2', '68');
INSERT INTO `sys_role_menu` VALUES ('2', '69');
INSERT INTO `sys_role_menu` VALUES ('2', '7');
INSERT INTO `sys_role_menu` VALUES ('2', '70');
INSERT INTO `sys_role_menu` VALUES ('2', '71');
INSERT INTO `sys_role_menu` VALUES ('2', '72');
INSERT INTO `sys_role_menu` VALUES ('2', '73');
INSERT INTO `sys_role_menu` VALUES ('2', '74');
INSERT INTO `sys_role_menu` VALUES ('2', '79');
INSERT INTO `sys_role_menu` VALUES ('2', '8');
INSERT INTO `sys_role_menu` VALUES ('2', '80');
INSERT INTO `sys_role_menu` VALUES ('2', '81');
INSERT INTO `sys_role_menu` VALUES ('2', '82');
INSERT INTO `sys_role_menu` VALUES ('2', '84');
INSERT INTO `sys_role_menu` VALUES ('2', '85');
INSERT INTO `sys_role_menu` VALUES ('2', '88');
INSERT INTO `sys_role_menu` VALUES ('2', '89');
INSERT INTO `sys_role_menu` VALUES ('2', '9');
INSERT INTO `sys_role_menu` VALUES ('2', '90');
INSERT INTO `sys_role_menu` VALUES ('3', '1');
INSERT INTO `sys_role_menu` VALUES ('3', '10');
INSERT INTO `sys_role_menu` VALUES ('3', '11');
INSERT INTO `sys_role_menu` VALUES ('3', '12');
INSERT INTO `sys_role_menu` VALUES ('3', '13');
INSERT INTO `sys_role_menu` VALUES ('3', '14');
INSERT INTO `sys_role_menu` VALUES ('3', '15');
INSERT INTO `sys_role_menu` VALUES ('3', '16');
INSERT INTO `sys_role_menu` VALUES ('3', '17');
INSERT INTO `sys_role_menu` VALUES ('3', '18');
INSERT INTO `sys_role_menu` VALUES ('3', '19');
INSERT INTO `sys_role_menu` VALUES ('3', '2');
INSERT INTO `sys_role_menu` VALUES ('3', '20');
INSERT INTO `sys_role_menu` VALUES ('3', '21');
INSERT INTO `sys_role_menu` VALUES ('3', '22');
INSERT INTO `sys_role_menu` VALUES ('3', '23');
INSERT INTO `sys_role_menu` VALUES ('3', '24');
INSERT INTO `sys_role_menu` VALUES ('3', '25');
INSERT INTO `sys_role_menu` VALUES ('3', '26');
INSERT INTO `sys_role_menu` VALUES ('3', '27');
INSERT INTO `sys_role_menu` VALUES ('3', '28');
INSERT INTO `sys_role_menu` VALUES ('3', '29');
INSERT INTO `sys_role_menu` VALUES ('3', '3');
INSERT INTO `sys_role_menu` VALUES ('3', '30');
INSERT INTO `sys_role_menu` VALUES ('3', '31');
INSERT INTO `sys_role_menu` VALUES ('3', '32');
INSERT INTO `sys_role_menu` VALUES ('3', '33');
INSERT INTO `sys_role_menu` VALUES ('3', '34');
INSERT INTO `sys_role_menu` VALUES ('3', '35');
INSERT INTO `sys_role_menu` VALUES ('3', '36');
INSERT INTO `sys_role_menu` VALUES ('3', '37');
INSERT INTO `sys_role_menu` VALUES ('3', '38');
INSERT INTO `sys_role_menu` VALUES ('3', '39');
INSERT INTO `sys_role_menu` VALUES ('3', '4');
INSERT INTO `sys_role_menu` VALUES ('3', '40');
INSERT INTO `sys_role_menu` VALUES ('3', '41');
INSERT INTO `sys_role_menu` VALUES ('3', '42');
INSERT INTO `sys_role_menu` VALUES ('3', '43');
INSERT INTO `sys_role_menu` VALUES ('3', '44');
INSERT INTO `sys_role_menu` VALUES ('3', '45');
INSERT INTO `sys_role_menu` VALUES ('3', '46');
INSERT INTO `sys_role_menu` VALUES ('3', '47');
INSERT INTO `sys_role_menu` VALUES ('3', '48');
INSERT INTO `sys_role_menu` VALUES ('3', '49');
INSERT INTO `sys_role_menu` VALUES ('3', '5');
INSERT INTO `sys_role_menu` VALUES ('3', '50');
INSERT INTO `sys_role_menu` VALUES ('3', '51');
INSERT INTO `sys_role_menu` VALUES ('3', '52');
INSERT INTO `sys_role_menu` VALUES ('3', '53');
INSERT INTO `sys_role_menu` VALUES ('3', '54');
INSERT INTO `sys_role_menu` VALUES ('3', '55');
INSERT INTO `sys_role_menu` VALUES ('3', '56');
INSERT INTO `sys_role_menu` VALUES ('3', '57');
INSERT INTO `sys_role_menu` VALUES ('3', '58');
INSERT INTO `sys_role_menu` VALUES ('3', '59');
INSERT INTO `sys_role_menu` VALUES ('3', '6');
INSERT INTO `sys_role_menu` VALUES ('3', '60');
INSERT INTO `sys_role_menu` VALUES ('3', '61');
INSERT INTO `sys_role_menu` VALUES ('3', '62');
INSERT INTO `sys_role_menu` VALUES ('3', '63');
INSERT INTO `sys_role_menu` VALUES ('3', '64');
INSERT INTO `sys_role_menu` VALUES ('3', '65');
INSERT INTO `sys_role_menu` VALUES ('3', '66');
INSERT INTO `sys_role_menu` VALUES ('3', '67');
INSERT INTO `sys_role_menu` VALUES ('3', '68');
INSERT INTO `sys_role_menu` VALUES ('3', '69');
INSERT INTO `sys_role_menu` VALUES ('3', '7');
INSERT INTO `sys_role_menu` VALUES ('3', '70');
INSERT INTO `sys_role_menu` VALUES ('3', '71');
INSERT INTO `sys_role_menu` VALUES ('3', '72');
INSERT INTO `sys_role_menu` VALUES ('3', '73');
INSERT INTO `sys_role_menu` VALUES ('3', '74');
INSERT INTO `sys_role_menu` VALUES ('3', '75');
INSERT INTO `sys_role_menu` VALUES ('3', '76');
INSERT INTO `sys_role_menu` VALUES ('3', '77');
INSERT INTO `sys_role_menu` VALUES ('3', '78');
INSERT INTO `sys_role_menu` VALUES ('3', '79');
INSERT INTO `sys_role_menu` VALUES ('3', '8');
INSERT INTO `sys_role_menu` VALUES ('3', '80');
INSERT INTO `sys_role_menu` VALUES ('3', '81');
INSERT INTO `sys_role_menu` VALUES ('3', '82');
INSERT INTO `sys_role_menu` VALUES ('3', '83');
INSERT INTO `sys_role_menu` VALUES ('3', '84');
INSERT INTO `sys_role_menu` VALUES ('3', '85');
INSERT INTO `sys_role_menu` VALUES ('3', '86');
INSERT INTO `sys_role_menu` VALUES ('3', '87');
INSERT INTO `sys_role_menu` VALUES ('3', '88');
INSERT INTO `sys_role_menu` VALUES ('3', '89');
INSERT INTO `sys_role_menu` VALUES ('3', '9');
INSERT INTO `sys_role_menu` VALUES ('3', '90');
INSERT INTO `sys_role_menu` VALUES ('6', '0b2ebd4d639e4c2b83c2dd0764522f24');
INSERT INTO `sys_role_menu` VALUES ('6', '0ca004d6b1bf4bcab9670a5060d82a55');
INSERT INTO `sys_role_menu` VALUES ('6', '1');
INSERT INTO `sys_role_menu` VALUES ('6', '2');
INSERT INTO `sys_role_menu` VALUES ('6', '27');
INSERT INTO `sys_role_menu` VALUES ('6', '3c92c17886944d0687e73e286cada573');
INSERT INTO `sys_role_menu` VALUES ('6', '4855cf3b25c244fb8500a380db189d97');
INSERT INTO `sys_role_menu` VALUES ('6', '56');
INSERT INTO `sys_role_menu` VALUES ('6', '57');
INSERT INTO `sys_role_menu` VALUES ('6', '58');
INSERT INTO `sys_role_menu` VALUES ('6', '59');
INSERT INTO `sys_role_menu` VALUES ('6', '67');
INSERT INTO `sys_role_menu` VALUES ('6', '68');
INSERT INTO `sys_role_menu` VALUES ('6', '71');
INSERT INTO `sys_role_menu` VALUES ('6', '73b9967d60f94e2aaf54f835a685e6ee');
INSERT INTO `sys_role_menu` VALUES ('6', '79');
INSERT INTO `sys_role_menu` VALUES ('6', '80');
INSERT INTO `sys_role_menu` VALUES ('6', '81');
INSERT INTO `sys_role_menu` VALUES ('6', '82');
INSERT INTO `sys_role_menu` VALUES ('6', '84');
INSERT INTO `sys_role_menu` VALUES ('6', 'afab2db430e2457f9cf3a11feaa8b869');
INSERT INTO `sys_role_menu` VALUES ('6', 'b1f6d1b86ba24365bae7fd86c5082317');
INSERT INTO `sys_role_menu` VALUES ('6', 'ba8092291b40482db8fe7fc006ea3d76');
INSERT INTO `sys_role_menu` VALUES ('6', 'c2e4d9082a0b4386884a0b203afe2c5c');
INSERT INTO `sys_role_menu` VALUES ('6', 'd15ec45a4c5449c3bbd7a61d5f9dd1d2');
INSERT INTO `sys_role_menu` VALUES ('6', 'df7ce823c5b24ff9bada43d992f373e2');
INSERT INTO `sys_role_menu` VALUES ('6', 'eaa500216f614d86a7849706b2577142');

-- ----------------------------
-- Table structure for sys_role_office
-- ----------------------------
DROP TABLE IF EXISTS `sys_role_office`;
CREATE TABLE `sys_role_office` (
  `role_id` varchar(64) NOT NULL COMMENT '角色编号',
  `office_id` varchar(64) NOT NULL COMMENT '机构编号',
  PRIMARY KEY (`role_id`,`office_id`)
) ENGINE=InnoDB DEFAULT CHARSET=utf8 COMMENT='角色-机构';

-- ----------------------------
-- Records of sys_role_office
-- ----------------------------
INSERT INTO `sys_role_office` VALUES ('7', '10');
INSERT INTO `sys_role_office` VALUES ('7', '11');
INSERT INTO `sys_role_office` VALUES ('7', '12');
INSERT INTO `sys_role_office` VALUES ('7', '13');
INSERT INTO `sys_role_office` VALUES ('7', '14');
INSERT INTO `sys_role_office` VALUES ('7', '15');
INSERT INTO `sys_role_office` VALUES ('7', '16');
INSERT INTO `sys_role_office` VALUES ('7', '17');
INSERT INTO `sys_role_office` VALUES ('7', '18');
INSERT INTO `sys_role_office` VALUES ('7', '19');
INSERT INTO `sys_role_office` VALUES ('7', '20');
INSERT INTO `sys_role_office` VALUES ('7', '21');
INSERT INTO `sys_role_office` VALUES ('7', '22');
INSERT INTO `sys_role_office` VALUES ('7', '23');
INSERT INTO `sys_role_office` VALUES ('7', '24');
INSERT INTO `sys_role_office` VALUES ('7', '25');
INSERT INTO `sys_role_office` VALUES ('7', '26');
INSERT INTO `sys_role_office` VALUES ('7', '7');
INSERT INTO `sys_role_office` VALUES ('7', '8');
INSERT INTO `sys_role_office` VALUES ('7', '9');

-- ----------------------------
-- Table structure for sys_user
-- ----------------------------
DROP TABLE IF EXISTS `sys_user`;
CREATE TABLE `sys_user` (
  `id` varchar(64) NOT NULL COMMENT '编号',
  `company_id` varchar(64) NOT NULL COMMENT '归属公司',
  `office_id` varchar(64) NOT NULL COMMENT '归属部门',
  `login_name` varchar(100) NOT NULL COMMENT '登录名',
  `password` varchar(100) NOT NULL COMMENT '密码',
  `name` varchar(100) NOT NULL COMMENT '姓名',
  `no` varchar(100) DEFAULT NULL COMMENT '工号',
  `email` varchar(200) DEFAULT NULL COMMENT '邮箱',
  `phone` varchar(200) DEFAULT NULL COMMENT '电话',
  `mobile` varchar(200) DEFAULT NULL COMMENT '手机',
  `user_type` char(1) DEFAULT NULL COMMENT '用户类型',
  `photo` varchar(1000) DEFAULT NULL COMMENT '用户头像',
  `login_ip` varchar(100) DEFAULT NULL COMMENT '最后登陆IP',
  `login_date` datetime DEFAULT NULL COMMENT '最后登陆时间',
  `login_flag` varchar(64) DEFAULT NULL COMMENT '是否可登录',
  `create_by` varchar(64) NOT NULL COMMENT '创建者',
  `create_date` datetime NOT NULL COMMENT '创建时间',
  `update_by` varchar(64) NOT NULL COMMENT '更新者',
  `update_date` datetime NOT NULL COMMENT '更新时间',
  `del_flag` char(1) NOT NULL DEFAULT '0' COMMENT '删除标记',
  `remarks` varchar(255) DEFAULT NULL COMMENT '备注信息',
  PRIMARY KEY (`id`),
  KEY `sys_user_office_id` (`office_id`) USING BTREE,
  KEY `sys_user_login_name` (`login_name`) USING BTREE,
  KEY `sys_user_company_id` (`company_id`) USING BTREE,
  KEY `sys_user_del_flag` (`del_flag`) USING BTREE
) ENGINE=InnoDB DEFAULT CHARSET=utf8 COMMENT='用户表';

-- ----------------------------
-- Records of sys_user
-- ----------------------------
INSERT INTO `sys_user` VALUES ('1', '1', '2', 'admin', '02a3f0772fcca9f415adc990734b45c6f059c7d33ee28362c4852032', '超级管理员', '0001', 'bzxianhu12345@163.com', '', '15982449284', '', '/platform/userfiles/1/images/photo/2015/12/img50.jpg', '172.16.90.110', '2016-01-22 17:04:08', '1', '1', '2013-05-27 08:00:00', '1', '2016-01-21 16:35:00', '0', '超级管理员');
INSERT INTO `sys_user` VALUES ('10', '7', '11', 'jn_jsb', '02a3f0772fcca9f415adc990734b45c6f059c7d33ee28362c4852032', '济南技术部', '0010', null, null, null, null, null, null, null, '1', '1', '2013-05-27 08:00:00', '1', '2013-05-27 08:00:00', '0', null);
INSERT INTO `sys_user` VALUES ('11', '12', '13', 'lc_admin', '02a3f0772fcca9f415adc990734b45c6f059c7d33ee28362c4852032', '济南历城领导', '0011', null, null, null, null, null, null, null, '1', '1', '2013-05-27 08:00:00', '1', '2013-05-27 08:00:00', '0', null);
INSERT INTO `sys_user` VALUES ('12', '12', '18', 'lx_admin', '02a3f0772fcca9f415adc990734b45c6f059c7d33ee28362c4852032', '济南历下领导', '0012', null, null, null, null, null, null, null, '1', '1', '2013-05-27 08:00:00', '1', '2013-05-27 08:00:00', '0', null);
INSERT INTO `sys_user` VALUES ('13', '22', '23', 'gx_admin', '02a3f0772fcca9f415adc990734b45c6f059c7d33ee28362c4852032', '济南高新领导', '0013', null, null, null, null, null, null, null, '1', '1', '2013-05-27 08:00:00', '1', '2013-05-27 08:00:00', '0', null);
INSERT INTO `sys_user` VALUES ('2', '1', '2', 'sd_admin', '02a3f0772fcca9f415adc990734b45c6f059c7d33ee28362c4852032', '管理员', '0002', null, null, null, null, null, null, null, '1', '1', '2013-05-27 08:00:00', '1', '2013-05-27 08:00:00', '0', null);
INSERT INTO `sys_user` VALUES ('3', '1', '3', 'sd_zhb', '02a3f0772fcca9f415adc990734b45c6f059c7d33ee28362c4852032', '综合部', '0003', null, null, null, null, null, null, null, '1', '1', '2013-05-27 08:00:00', '1', '2013-05-27 08:00:00', '0', null);
INSERT INTO `sys_user` VALUES ('4', '1', '4', 'sd_scb', '02a3f0772fcca9f415adc990734b45c6f059c7d33ee28362c4852032', '市场部', '0004', null, null, null, null, null, null, null, '1', '1', '2013-05-27 08:00:00', '1', '2013-05-27 08:00:00', '0', null);
INSERT INTO `sys_user` VALUES ('5', '1', '5', 'sd_jsb', '02a3f0772fcca9f415adc990734b45c6f059c7d33ee28362c4852032', '技术部', '0005', null, null, null, null, null, '172.16.90.110', '2015-12-25 11:29:08', '1', '1', '2013-05-27 08:00:00', '1', '2015-12-23 18:17:28', '0', null);
INSERT INTO `sys_user` VALUES ('6', '1', '6', 'sd_yfb', '02a3f0772fcca9f415adc990734b45c6f059c7d33ee28362c4852032', '研发部', '0006', null, null, null, null, null, null, null, '1', '1', '2013-05-27 08:00:00', '1', '2013-05-27 08:00:00', '0', null);
INSERT INTO `sys_user` VALUES ('7', '7', '8', 'jn_admin', '02a3f0772fcca9f415adc990734b45c6f059c7d33ee28362c4852032', '济南领导', '0007', null, null, null, null, null, null, null, '1', '1', '2013-05-27 08:00:00', '1', '2013-05-27 08:00:00', '0', null);
INSERT INTO `sys_user` VALUES ('8', '7', '9', 'jn_zhb', '02a3f0772fcca9f415adc990734b45c6f059c7d33ee28362c4852032', '济南综合部', '0008', null, null, null, null, null, null, null, '1', '1', '2013-05-27 08:00:00', '1', '2013-05-27 08:00:00', '0', null);
INSERT INTO `sys_user` VALUES ('9', '7', '10', 'jn_scb', '02a3f0772fcca9f415adc990734b45c6f059c7d33ee28362c4852032', '济南市场部', '0009', null, null, null, null, null, null, null, '1', '1', '2013-05-27 08:00:00', '1', '2013-05-27 08:00:00', '0', null);

-- ----------------------------
-- Table structure for sys_user_role
-- ----------------------------
DROP TABLE IF EXISTS `sys_user_role`;
CREATE TABLE `sys_user_role` (
  `user_id` varchar(64) NOT NULL COMMENT '用户编号',
  `role_id` varchar(64) NOT NULL COMMENT '角色编号',
  PRIMARY KEY (`user_id`,`role_id`)
) ENGINE=InnoDB DEFAULT CHARSET=utf8 COMMENT='用户-角色';

-- ----------------------------
-- Records of sys_user_role
-- ----------------------------
INSERT INTO `sys_user_role` VALUES ('1', '1');
INSERT INTO `sys_user_role` VALUES ('1', '2');
INSERT INTO `sys_user_role` VALUES ('10', '2');
INSERT INTO `sys_user_role` VALUES ('11', '3');
INSERT INTO `sys_user_role` VALUES ('12', '4');
INSERT INTO `sys_user_role` VALUES ('13', '5');
INSERT INTO `sys_user_role` VALUES ('14', '6');
INSERT INTO `sys_user_role` VALUES ('2', '1');
INSERT INTO `sys_user_role` VALUES ('3', '2');
INSERT INTO `sys_user_role` VALUES ('4', '3');
INSERT INTO `sys_user_role` VALUES ('5', '4');
INSERT INTO `sys_user_role` VALUES ('5', '6');
INSERT INTO `sys_user_role` VALUES ('6', '5');
INSERT INTO `sys_user_role` VALUES ('7', '2');
INSERT INTO `sys_user_role` VALUES ('7', '7');
INSERT INTO `sys_user_role` VALUES ('8', '2');
INSERT INTO `sys_user_role` VALUES ('9', '1');

-- ----------------------------
-- Table structure for test_data
-- ----------------------------
DROP TABLE IF EXISTS `test_data`;
CREATE TABLE `test_data` (
  `id` varchar(64) NOT NULL COMMENT '编号',
  `user_id` varchar(64) DEFAULT NULL COMMENT '归属用户',
  `office_id` varchar(64) DEFAULT NULL COMMENT '归属部门',
  `area_id` varchar(64) DEFAULT NULL COMMENT '归属区域',
  `name` varchar(100) DEFAULT NULL COMMENT '名称',
  `sex` char(1) DEFAULT NULL COMMENT '性别',
  `in_date` date DEFAULT NULL COMMENT '加入日期',
  `create_by` varchar(64) NOT NULL COMMENT '创建者',
  `create_date` datetime NOT NULL COMMENT '创建时间',
  `update_by` varchar(64) NOT NULL COMMENT '更新者',
  `update_date` datetime NOT NULL COMMENT '更新时间',
  `remarks` varchar(255) DEFAULT NULL COMMENT '备注信息',
  `del_flag` char(1) NOT NULL DEFAULT '0' COMMENT '删除标记',
  PRIMARY KEY (`id`),
  KEY `test_data_del_flag` (`del_flag`) USING BTREE
) ENGINE=InnoDB DEFAULT CHARSET=utf8 COMMENT='业务数据表';

-- ----------------------------
-- Records of test_data
-- ----------------------------
INSERT INTO `test_data` VALUES ('15f42f75b6d5418cb595e6c23d9d04fd', '', '', '', '', null, null, '1', '2015-12-25 11:15:53', '1', '2015-12-25 11:15:53', '', '1');
INSERT INTO `test_data` VALUES ('3cfc1701f8c545868f27a426bf837236', '2', '10', '6', '', '2', '2015-11-25', '1', '2015-11-05 15:34:33', '1', '2016-01-04 16:26:36', 'pp', '0');
INSERT INTO `test_data` VALUES ('839e5019522b49c296c66224b63a0ddc', '', '', '', '', null, null, '1', '2016-01-05 18:50:20', '1', '2016-01-05 18:50:20', '', '1');
INSERT INTO `test_data` VALUES ('88e19f7d331f403eb0b8d46f65d9cf54', '4', '4', '4', '111', '2', '2016-01-02', '1', '2016-01-05 15:56:40', '1', '2016-01-05 15:56:40', '', '0');
INSERT INTO `test_data` VALUES ('d5cfd7e1979748c0855056f880ab0d60', '', '', '', '', null, null, '1', '2015-11-24 14:59:47', '1', '2015-11-24 14:59:47', '', '1');

-- ----------------------------
-- Table structure for test_data_child
-- ----------------------------
DROP TABLE IF EXISTS `test_data_child`;
CREATE TABLE `test_data_child` (
  `id` varchar(64) NOT NULL COMMENT '编号',
  `test_data_main_id` varchar(64) DEFAULT NULL COMMENT '业务主表ID',
  `name` varchar(100) DEFAULT NULL COMMENT '名称',
  `create_by` varchar(64) NOT NULL COMMENT '创建者',
  `create_date` datetime NOT NULL COMMENT '创建时间',
  `update_by` varchar(64) NOT NULL COMMENT '更新者',
  `update_date` datetime NOT NULL COMMENT '更新时间',
  `remarks` varchar(255) DEFAULT NULL COMMENT '备注信息',
  `del_flag` char(1) NOT NULL DEFAULT '0' COMMENT '删除标记',
  PRIMARY KEY (`id`),
  KEY `test_data_child_del_flag` (`del_flag`) USING BTREE
) ENGINE=InnoDB DEFAULT CHARSET=utf8 COMMENT='业务数据子表';

-- ----------------------------
-- Records of test_data_child
-- ----------------------------

-- ----------------------------
-- Table structure for test_data_main
-- ----------------------------
DROP TABLE IF EXISTS `test_data_main`;
CREATE TABLE `test_data_main` (
  `id` varchar(64) NOT NULL COMMENT '编号',
  `user_id` varchar(64) DEFAULT NULL COMMENT '归属用户',
  `office_id` varchar(64) DEFAULT NULL COMMENT '归属部门',
  `area_id` varchar(64) DEFAULT NULL COMMENT '归属区域',
  `name` varchar(100) DEFAULT NULL COMMENT '名称',
  `sex` char(1) DEFAULT NULL COMMENT '性别',
  `in_date` date DEFAULT NULL COMMENT '加入日期',
  `create_by` varchar(64) NOT NULL COMMENT '创建者',
  `create_date` datetime NOT NULL COMMENT '创建时间',
  `update_by` varchar(64) NOT NULL COMMENT '更新者',
  `update_date` datetime NOT NULL COMMENT '更新时间',
  `remarks` varchar(255) DEFAULT NULL COMMENT '备注信息',
  `del_flag` char(1) NOT NULL DEFAULT '0' COMMENT '删除标记',
  PRIMARY KEY (`id`),
  KEY `test_data_main_del_flag` (`del_flag`) USING BTREE
) ENGINE=InnoDB DEFAULT CHARSET=utf8 COMMENT='业务数据表';

-- ----------------------------
-- Records of test_data_main
-- ----------------------------

-- ----------------------------
-- Table structure for test_tree
-- ----------------------------
DROP TABLE IF EXISTS `test_tree`;
CREATE TABLE `test_tree` (
  `id` varchar(64) NOT NULL COMMENT '编号',
  `parent_id` varchar(64) NOT NULL COMMENT '父级编号',
  `parent_ids` varchar(2000) NOT NULL COMMENT '所有父级编号',
  `name` varchar(100) NOT NULL COMMENT '名称',
  `sort` decimal(10,0) NOT NULL COMMENT '排序',
  `create_by` varchar(64) NOT NULL COMMENT '创建者',
  `create_date` datetime NOT NULL COMMENT '创建时间',
  `update_by` varchar(64) NOT NULL COMMENT '更新者',
  `update_date` datetime NOT NULL COMMENT '更新时间',
  `remarks` varchar(255) DEFAULT NULL COMMENT '备注信息',
  `del_flag` char(1) NOT NULL DEFAULT '0' COMMENT '删除标记',
  PRIMARY KEY (`id`),
  KEY `test_tree_del_flag` (`del_flag`) USING BTREE,
  KEY `test_data_parent_id` (`parent_id`) USING BTREE
) ENGINE=InnoDB DEFAULT CHARSET=utf8 COMMENT='树结构表';

-- ----------------------------
-- Records of test_tree
-- ----------------------------
INSERT INTO `test_tree` VALUES ('41d49a40bdaa46129c79e8818edd0c93', '9fae0f0825a542a493164845befa2670', '0,9fae0f0825a542a493164845befa2670,', '1-2', '60', '1', '2015-11-05 14:46:23', '1', '2015-11-05 14:46:23', '', '0');
INSERT INTO `test_tree` VALUES ('4a1f5854aa83476596b5b886a11f4e43', '9fae0f0825a542a493164845befa2670', '0,9fae0f0825a542a493164845befa2670,', '1-1', '30', '1', '2015-11-05 13:50:53', '1', '2015-11-05 13:50:53', '', '0');
INSERT INTO `test_tree` VALUES ('9fae0f0825a542a493164845befa2670', '0', '0,', '1', '30', '1', '2015-11-04 16:25:44', '1', '2015-11-04 16:25:44', '11', '0');
INSERT INTO `test_tree` VALUES ('a78307ee99614346bc75c972c0626bbe', '4a1f5854aa83476596b5b886a11f4e43', '0,9fae0f0825a542a493164845befa2670,4a1f5854aa83476596b5b886a11f4e43,', '1-1-2', '30', '1', '2015-11-05 13:58:49', '1', '2015-11-05 14:46:36', '', '0');
INSERT INTO `test_tree` VALUES ('f875a236a74b43b7beb8beff9c4397c8', '41d49a40bdaa46129c79e8818edd0c93', '0,9fae0f0825a542a493164845befa2670,41d49a40bdaa46129c79e8818edd0c93,', '1-2-1', '30', '1', '2015-11-05 14:46:43', '1', '2015-11-05 14:46:43', '', '0');
INSERT INTO `test_tree` VALUES ('fd4f9e8943cf40c0928295b06fb41d7e', 'a78307ee99614346bc75c972c0626bbe', '0,9fae0f0825a542a493164845befa2670,4a1f5854aa83476596b5b886a11f4e43,a78307ee99614346bc75c972c0626bbe,', '1-1-2-1', '30', '1', '2015-11-24 15:00:12', '1', '2015-11-24 15:00:12', '', '0');
